ggml_cuda_init: found 1 CUDA devices (Total VRAM: 97250 MiB):
  Device 0: NVIDIA RTX PRO 6000 Blackwell Workstation Edition, compute capability 12.0, VMM: yes, VRAM: 97250 MiB
main: n_parallel is set to auto, using n_parallel = 4 and kv_unified = true
build_info: b1-b1a7d71
system_info: n_threads = 10 (n_threads_batch = 10) / 20 | CUDA : ARCHS = 1200 | USE_GRAPHS = 1 | PEER_MAX_BATCH_SIZE = 128 | FA_ALL_QUANTS = 1 | BLACKWELL_NATIVE_FP4 = 1 | CPU : SSE3 = 1 | SSSE3 = 1 | AVX = 1 | AVX2 = 1 | F16C = 1 | FMA = 1 | BMI2 = 1 | LLAMAFILE = 1 | OPENMP = 1 | REPACK = 1 | 
init: using 19 threads for HTTP server
start: binding port with default address family
main: loading model
srv    load_model: loading model '/models/gemma-4-31b-abliterated-Q8_0.gguf'
common_init_result: fitting params to device memory, for bugs during this step try to reproduce them with -fit off, or provide --verbose logs if the bug only occurs with -fit on
llama_params_fit_impl: projected to use 38747 MiB of device memory vs. 96649 MiB of free device memory
llama_params_fit_impl: will leave 57901 >= 1024 MiB of free device memory, no changes needed
llama_params_fit: successfully fit params to free device memory
llama_params_fit: fitting params to free memory took 0.63 seconds
llama_model_load_from_file_impl: using device CUDA0 (NVIDIA RTX PRO 6000 Blackwell Workstation Edition) (0000:02:00.0) - 96649 MiB free
llama_model_loader: loaded meta data with 47 key-value pairs and 833 tensors from /models/gemma-4-31b-abliterated-Q8_0.gguf (version GGUF V3 (latest))
llama_model_loader: Dumping metadata keys/values. Note: KV overrides do not apply in this output.
llama_model_loader: - kv   0:                       general.architecture str              = gemma4
llama_model_loader: - kv   1:                               general.type str              = model
llama_model_loader: - kv   2:                     general.sampling.top_k i32              = 64
llama_model_loader: - kv   3:                     general.sampling.top_p f32              = 0.950000
llama_model_loader: - kv   4:                      general.sampling.temp f32              = 1.000000
llama_model_loader: - kv   5:                               general.name str              = Gemma 4 31B It Abliterated
llama_model_loader: - kv   6:                           general.finetune str              = it-abliterated
llama_model_loader: - kv   7:                           general.basename str              = gemma-4
llama_model_loader: - kv   8:                         general.size_label str              = 31B
llama_model_loader: - kv   9:                            general.license str              = apache-2.0
llama_model_loader: - kv  10:                       general.license.link str              = https://ai.google.dev/gemma/docs/gemm...
llama_model_loader: - kv  11:                               general.tags arr[str,1]       = ["image-text-to-text"]
llama_model_loader: - kv  12:                         gemma4.block_count u32              = 60
llama_model_loader: - kv  13:                      gemma4.context_length u32              = 262144
llama_model_loader: - kv  14:                    gemma4.embedding_length u32              = 5376
llama_model_loader: - kv  15:                 gemma4.feed_forward_length u32              = 21504
llama_model_loader: - kv  16:                gemma4.attention.head_count u32              = 32
llama_model_loader: - kv  17:             gemma4.attention.head_count_kv arr[i32,60]      = [16, 16, 16, 16, 16, 4, 16, 16, 16, 1...
llama_model_loader: - kv  18:                      gemma4.rope.freq_base f32              = 1000000.000000
llama_model_loader: - kv  19:                  gemma4.rope.freq_base_swa f32              = 10000.000000
llama_model_loader: - kv  20:    gemma4.attention.layer_norm_rms_epsilon f32              = 0.000001
llama_model_loader: - kv  21:                gemma4.attention.key_length u32              = 512
llama_model_loader: - kv  22:              gemma4.attention.value_length u32              = 512
llama_model_loader: - kv  23:             gemma4.final_logit_softcapping f32              = 30.000000
llama_model_loader: - kv  24:            gemma4.attention.sliding_window u32              = 1024
llama_model_loader: - kv  25:          gemma4.attention.shared_kv_layers u32              = 0
llama_model_loader: - kv  26:    gemma4.embedding_length_per_layer_input u32              = 0
llama_model_loader: - kv  27:    gemma4.attention.sliding_window_pattern arr[bool,60]     = [true, true, true, true, true, false,...
llama_model_loader: - kv  28:            gemma4.attention.key_length_swa u32              = 256
llama_model_loader: - kv  29:          gemma4.attention.value_length_swa u32              = 256
llama_model_loader: - kv  30:                gemma4.rope.dimension_count u32              = 512
llama_model_loader: - kv  31:            gemma4.rope.dimension_count_swa u32              = 256
llama_model_loader: - kv  32:                       tokenizer.ggml.model str              = gemma4
llama_model_loader: - kv  33:                      tokenizer.ggml.tokens arr[str,262144]  = ["<pad>", "<eos>", "<bos>", "<unk>", ...
llama_model_loader: - kv  34:                      tokenizer.ggml.scores arr[f32,262144]  = [-1000.000000, -1000.000000, -1000.00...
llama_model_loader: - kv  35:                  tokenizer.ggml.token_type arr[i32,262144]  = [3, 3, 3, 3, 3, 1, 1, 1, 1, 1, 1, 1, ...
llama_model_loader: - kv  36:                      tokenizer.ggml.merges arr[str,514906]  = ["\n\n\n\n\n\n\n\n\n\n\n\n\n\n\n\n\n\n\n\n\n\n\n\n\n\n\n\n\n\n \n", ...
llama_model_loader: - kv  37:                tokenizer.ggml.bos_token_id u32              = 2
llama_model_loader: - kv  38:                tokenizer.ggml.eos_token_id u32              = 1
llama_model_loader: - kv  39:            tokenizer.ggml.unknown_token_id u32              = 3
llama_model_loader: - kv  40:            tokenizer.ggml.padding_token_id u32              = 0
llama_model_loader: - kv  41:               tokenizer.ggml.mask_token_id u32              = 4
llama_model_loader: - kv  42:                    tokenizer.chat_template str              = {%- macro format_parameters(propertie...
llama_model_loader: - kv  43:            tokenizer.ggml.add_space_prefix bool             = false
llama_model_loader: - kv  44:               tokenizer.ggml.add_bos_token bool             = false
llama_model_loader: - kv  45:               general.quantization_version u32              = 2
llama_model_loader: - kv  46:                          general.file_type u32              = 7
llama_model_loader: - type  f32:  422 tensors
llama_model_loader: - type q8_0:  411 tensors
print_info: file format = GGUF V3 (latest)
print_info: file type   = Q8_0
print_info: file size   = 30.38 GiB (8.50 BPW) 
load: override 'tokenizer.ggml.add_bos_token' to 'true' for Gemma4
load: 0 unused tokens
load: control-looking token:    212 '</s>' was not control-type; this is probably a bug in the model. its type will be overridden
load: control-looking token:     50 '<|tool_response>' was not control-type; this is probably a bug in the model. its type will be overridden
load: printing all EOG tokens:
load:   - 1 ('<eos>')
load:   - 50 ('<|tool_response>')
load:   - 106 ('<turn|>')
load:   - 212 ('</s>')
load: special_eog_ids contains '<|tool_response>', removing '</s>' token from EOG list
load: special tokens cache size = 24
load: token to piece cache size = 1.9445 MB
print_info: arch                  = gemma4
print_info: vocab_only            = 0
print_info: no_alloc              = 0
print_info: n_ctx_train           = 262144
print_info: n_embd                = 5376
print_info: n_embd_inp            = 5376
print_info: n_layer               = 60
print_info: n_head                = 32
print_info: n_head_kv             = [16, 16, 16, 16, 16, 4, 16, 16, 16, 16, 16, 4, 16, 16, 16, 16, 16, 4, 16, 16, 16, 16, 16, 4, 16, 16, 16, 16, 16, 4, 16, 16, 16, 16, 16, 4, 16, 16, 16, 16, 16, 4, 16, 16, 16, 16, 16, 4, 16, 16, 16, 16, 16, 4, 16, 16, 16, 16, 16, 4]
print_info: n_rot                 = 512
print_info: n_swa                 = 1024
print_info: is_swa_any            = 1
print_info: n_embd_head_k         = 512
print_info: n_embd_head_v         = 512
print_info: n_gqa                 = [2, 2, 2, 2, 2, 8, 2, 2, 2, 2, 2, 8, 2, 2, 2, 2, 2, 8, 2, 2, 2, 2, 2, 8, 2, 2, 2, 2, 2, 8, 2, 2, 2, 2, 2, 8, 2, 2, 2, 2, 2, 8, 2, 2, 2, 2, 2, 8, 2, 2, 2, 2, 2, 8, 2, 2, 2, 2, 2, 8]
print_info: n_embd_k_gqa          = [4096, 4096, 4096, 4096, 4096, 2048, 4096, 4096, 4096, 4096, 4096, 2048, 4096, 4096, 4096, 4096, 4096, 2048, 4096, 4096, 4096, 4096, 4096, 2048, 4096, 4096, 4096, 4096, 4096, 2048, 4096, 4096, 4096, 4096, 4096, 2048, 4096, 4096, 4096, 4096, 4096, 2048, 4096, 4096, 4096, 4096, 4096, 2048, 4096, 4096, 4096, 4096, 4096, 2048, 4096, 4096, 4096, 4096, 4096, 2048]
print_info: n_embd_v_gqa          = [4096, 4096, 4096, 4096, 4096, 2048, 4096, 4096, 4096, 4096, 4096, 2048, 4096, 4096, 4096, 4096, 4096, 2048, 4096, 4096, 4096, 4096, 4096, 2048, 4096, 4096, 4096, 4096, 4096, 2048, 4096, 4096, 4096, 4096, 4096, 2048, 4096, 4096, 4096, 4096, 4096, 2048, 4096, 4096, 4096, 4096, 4096, 2048, 4096, 4096, 4096, 4096, 4096, 2048, 4096, 4096, 4096, 4096, 4096, 2048]
print_info: f_norm_eps            = 0.0e+00
print_info: f_norm_rms_eps        = 1.0e-06
print_info: f_clamp_kqv           = 0.0e+00
print_info: f_max_alibi_bias      = 0.0e+00
print_info: f_logit_scale         = 0.0e+00
print_info: f_attn_scale          = 1.0e+00
print_info: n_ff                  = 21504
print_info: n_expert              = 0
print_info: n_expert_used         = 0
print_info: n_expert_groups       = 0
print_info: n_group_used          = 0
print_info: causal attn           = 1
print_info: pooling type          = -1
print_info: rope type             = 2
print_info: rope scaling          = linear
print_info: freq_base_train       = 1000000.0
print_info: freq_scale_train      = 1
print_info: freq_base_swa         = 10000.0
print_info: freq_scale_swa        = 1
print_info: n_embd_head_k_swa     = 256
print_info: n_embd_head_v_swa     = 256
print_info: n_rot_swa             = 256
print_info: n_ctx_orig_yarn       = 262144
print_info: rope_yarn_log_mul     = 0.0000
print_info: rope_finetuned        = unknown
print_info: model type            = ?B
print_info: model params          = 30.70 B
print_info: general.name          = Gemma 4 31B It Abliterated
print_info: vocab type            = BPE
print_info: n_vocab               = 262144
print_info: n_merges              = 514906
print_info: BOS token             = 2 '<bos>'
print_info: EOS token             = 1 '<eos>'
print_info: UNK token             = 3 '<unk>'
print_info: PAD token             = 0 '<pad>'
print_info: MASK token            = 4 '<mask>'
print_info: LF token              = 107 '
'
print_info: EOG token             = 1 '<eos>'
print_info: EOG token             = 50 '<|tool_response>'
print_info: EOG token             = 106 '<turn|>'
print_info: max token length      = 93
load_tensors: loading model tensors, this can take a while... (mmap = true, direct_io = false)
load_tensors: offloading output layer to GPU
load_tensors: offloading 59 repeating layers to GPU
load_tensors: offloaded 61/61 layers to GPU
load_tensors:   CPU_Mapped model buffer size =  1428.00 MiB
load_tensors:        CUDA0 model buffer size = 31108.82 MiB
......srv  log_server_r: done request: POST /v1/chat/completions 172.17.0.1 503
....................................srv  log_server_r: done request: POST /v1/chat/completions 172.17.0.1 503
....................................................
llama_model_load_from_file_impl: using device CUDA0 (NVIDIA RTX PRO 6000 Blackwell Workstation Edition) (0000:02:00.0) - 65539 MiB free
llama_model_loader: loaded meta data with 51 key-value pairs and 49 tensors from /models/gemma-4-31B-it-assistant.Q4_K_M.gguf (version GGUF V3 (latest))
llama_model_loader: Dumping metadata keys/values. Note: KV overrides do not apply in this output.
llama_model_loader: - kv   0:                       general.architecture str              = gemma4_assistant
llama_model_loader: - kv   1:                               general.type str              = model
llama_model_loader: - kv   2:                     general.sampling.top_k i32              = 64
llama_model_loader: - kv   3:                     general.sampling.top_p f32              = 0.950000
llama_model_loader: - kv   4:                      general.sampling.temp f32              = 1.000000
llama_model_loader: - kv   5:                               general.name str              = Gemma 4 31B It Assistant
llama_model_loader: - kv   6:                           general.finetune str              = 31b-it-assistant
llama_model_loader: - kv   7:                           general.basename str              = gemma-4
llama_model_loader: - kv   8:                         general.size_label str              = 470M
llama_model_loader: - kv   9:                            general.license str              = apache-2.0
llama_model_loader: - kv  10:                       general.license.link str              = https://ai.google.dev/gemma/docs/gemm...
llama_model_loader: - kv  11:                               general.tags arr[str,1]       = ["any-to-any"]
llama_model_loader: - kv  12:               gemma4_assistant.block_count u32              = 4
llama_model_loader: - kv  13:            gemma4_assistant.context_length u32              = 262144
llama_model_loader: - kv  14:          gemma4_assistant.embedding_length u32              = 1024
llama_model_loader: - kv  15:       gemma4_assistant.feed_forward_length u32              = 8192
llama_model_loader: - kv  16:      gemma4_assistant.attention.head_count u32              = 32
llama_model_loader: - kv  17:   gemma4_assistant.attention.head_count_kv arr[i32,4]       = [16, 16, 16, 4]
llama_model_loader: - kv  18:            gemma4_assistant.rope.freq_base f32              = 1000000.000000
llama_model_loader: - kv  19:        gemma4_assistant.rope.freq_base_swa f32              = 10000.000000
llama_model_loader: - kv  20: gemma4_assistant.attention.layer_norm_rms_epsilon f32              = 0.000001
llama_model_loader: - kv  21:      gemma4_assistant.attention.key_length u32              = 512
llama_model_loader: - kv  22:    gemma4_assistant.attention.value_length u32              = 512
llama_model_loader: - kv  23:  gemma4_assistant.attention.sliding_window u32              = 1024
llama_model_loader: - kv  24: gemma4_assistant.attention.shared_kv_layers u32              = 4
llama_model_loader: - kv  25: gemma4_assistant.embedding_length_per_layer_input u32              = 0
llama_model_loader: - kv  26: gemma4_assistant.attention.sliding_window_pattern arr[bool,4]      = [true, true, true, false]
llama_model_loader: - kv  27:  gemma4_assistant.attention.key_length_swa u32              = 256
llama_model_loader: - kv  28: gemma4_assistant.attention.value_length_swa u32              = 256
llama_model_loader: - kv  29:      gemma4_assistant.rope.dimension_count u32              = 512
llama_model_loader: - kv  30:  gemma4_assistant.rope.dimension_count_swa u32              = 256
llama_model_loader: - kv  31:               gemma4_assistant.n_centroids u32              = 2048
llama_model_loader: - kv  32:            gemma4_assistant.centroid_top_k u32              = 32
llama_model_loader: - kv  33:           gemma4_assistant.n_embd_backbone u32              = 5376
llama_model_loader: - kv  34:    gemma4_assistant.use_ordered_embeddings bool             = false
llama_model_loader: - kv  35:          gemma4_assistant.attention.k_eq_v bool             = true
llama_model_loader: - kv  36:      gemma4_assistant.requires_target_arch str              = gemma4
llama_model_loader: - kv  37:                       tokenizer.ggml.model str              = gemma4
llama_model_loader: - kv  38:                      tokenizer.ggml.tokens arr[str,262144]  = ["<pad>", "<eos>", "<bos>", "<unk>", ...
llama_model_loader: - kv  39:                      tokenizer.ggml.scores arr[f32,262144]  = [-1000.000000, -1000.000000, -1000.00...
llama_model_loader: - kv  40:                  tokenizer.ggml.token_type arr[i32,262144]  = [3, 3, 3, 3, 3, 1, 1, 1, 1, 1, 1, 1, ...
llama_model_loader: - kv  41:                      tokenizer.ggml.merges arr[str,514906]  = ["\n\n\n\n\n\n\n\n\n\n\n\n\n\n\n\n\n\n\n\n\n\n\n\n\n\n\n\n\n\n \n", ...
llama_model_loader: - kv  42:                tokenizer.ggml.bos_token_id u32              = 2
llama_model_loader: - kv  43:                tokenizer.ggml.eos_token_id u32              = 1
llama_model_loader: - kv  44:            tokenizer.ggml.unknown_token_id u32              = 3
llama_model_loader: - kv  45:            tokenizer.ggml.padding_token_id u32              = 0
llama_model_loader: - kv  46:               tokenizer.ggml.mask_token_id u32              = 4
llama_model_loader: - kv  47:            tokenizer.ggml.add_space_prefix bool             = false
llama_model_loader: - kv  48:               tokenizer.ggml.add_bos_token bool             = true
llama_model_loader: - kv  49:               general.quantization_version u32              = 2
llama_model_loader: - kv  50:                          general.file_type u32              = 15
llama_model_loader: - type  f32:   26 tensors
llama_model_loader: - type q4_K:   20 tensors
llama_model_loader: - type q6_K:    3 tensors
print_info: file format = GGUF V3 (latest)
print_info: file type   = Q4_K - Medium
print_info: file size   = 322.06 MiB (5.75 BPW) 
load: 0 unused tokens
load: control-looking token:    212 '</s>' was not control-type; this is probably a bug in the model. its type will be overridden
load: control-looking token:     50 '<|tool_response>' was not control-type; this is probably a bug in the model. its type will be overridden
load: printing all EOG tokens:
load:   - 1 ('<eos>')
load:   - 50 ('<|tool_response>')
load:   - 106 ('<turn|>')
load:   - 212 ('</s>')
load: special_eog_ids contains '<|tool_response>', removing '</s>' token from EOG list
load: special tokens cache size = 23
load: token to piece cache size = 1.9445 MB
print_info: arch                  = gemma4_assistant
print_info: vocab_only            = 0
print_info: no_alloc              = 0
print_info: n_ctx_train           = 262144
print_info: n_embd                = 1024
print_info: n_embd_inp            = 1024
print_info: n_layer               = 4
print_info: n_head                = 32
print_info: n_head_kv             = [16, 16, 16, 4]
print_info: n_rot                 = 512
print_info: n_swa                 = 1024
print_info: is_swa_any            = 1
print_info: n_embd_head_k         = 512
print_info: n_embd_head_v         = 512
print_info: n_gqa                 = [2, 2, 2, 8]
print_info: n_embd_k_gqa          = [4096, 4096, 4096, 2048]
print_info: n_embd_v_gqa          = [4096, 4096, 4096, 2048]
print_info: f_norm_eps            = 0.0e+00
print_info: f_norm_rms_eps        = 1.0e-06
print_info: f_clamp_kqv           = 0.0e+00
print_info: f_max_alibi_bias      = 0.0e+00
print_info: f_logit_scale         = 0.0e+00
print_info: f_attn_scale          = 1.0e+00
print_info: n_ff                  = 8192
print_info: n_expert              = 0
print_info: n_expert_used         = 0
print_info: n_expert_groups       = 0
print_info: n_group_used          = 0
print_info: causal attn           = 1
print_info: pooling type          = -1
print_info: rope type             = 2
print_info: rope scaling          = linear
print_info: freq_base_train       = 1000000.0
print_info: freq_scale_train      = 1
print_info: freq_base_swa         = 10000.0
print_info: freq_scale_swa        = 1
print_info: n_embd_head_k_swa     = 256
print_info: n_embd_head_v_swa     = 256
print_info: n_rot_swa             = 256
print_info: n_ctx_orig_yarn       = 262144
print_info: rope_yarn_log_mul     = 0.0000
print_info: rope_finetuned        = unknown
print_info: model type            = ?B
print_info: model params          = 469.52 M
print_info: general.name          = Gemma 4 31B It Assistant
print_info: vocab type            = BPE
print_info: n_vocab               = 262144
print_info: n_merges              = 514906
print_info: BOS token             = 2 '<bos>'
print_info: EOS token             = 1 '<eos>'
print_info: UNK token             = 3 '<unk>'
print_info: PAD token             = 0 '<pad>'
print_info: MASK token            = 4 '<mask>'
print_info: LF token              = 107 '
'
print_info: EOG token             = 1 '<eos>'
print_info: EOG token             = 50 '<|tool_response>'
print_info: EOG token             = 106 '<turn|>'
print_info: max token length      = 93
load_tensors: loading model tensors, this can take a while... (mmap = true, direct_io = false)
load_tensors: offloading output layer to GPU
load_tensors: offloading 3 repeating layers to GPU
load_tensors: offloaded 5/5 layers to GPU
load_tensors:   CPU_Mapped model buffer size =   215.91 MiB
load_tensors:        CUDA0 model buffer size =   106.15 MiB
.......................
common_init_result: added <eos> logit bias = -inf
common_init_result: added <|tool_response> logit bias = -inf
common_init_result: added <turn|> logit bias = -inf
llama_context: constructing llama_context
llama_context: n_seq_max     = 4
llama_context: n_ctx         = 262144
llama_context: n_ctx_seq     = 262144
llama_context: n_batch       = 4096
llama_context: n_ubatch      = 512
llama_context: causal_attn   = 1
llama_context: flash_attn    = enabled
llama_context: kv_unified    = true
llama_context: freq_base     = 1000000.0
llama_context: freq_scale    = 1
llama_context:  CUDA_Host  output buffer size =     4.00 MiB
llama_kv_cache_iswa: creating non-SWA KV cache, size = 262144 cells
llama_kv_cache:      CUDA0 KV buffer size =  5760.00 MiB
llama_kv_cache: size = 5760.00 MiB (262144 cells,  10 layers,  4/1 seqs), K (q4_0): 2880.00 MiB, V (q4_0): 2880.00 MiB
llama_kv_cache: upstream attention rotation disabled (TurboQuant uses kernel-level WHT)
llama_kv_cache: attn_rot_k = 0, n_embd_head_k_all = 512
llama_kv_cache: attn_rot_v = 0, n_embd_head_k_all = 512
llama_kv_cache_iswa: creating     SWA KV cache, size = 4608 cells
llama_kv_cache:      CUDA0 KV buffer size =  1012.50 MiB
llama_kv_cache: size = 1012.50 MiB (  4608 cells,  50 layers,  4/1 seqs), K (q4_0):  506.25 MiB, V (q4_0):  506.25 MiB
llama_kv_cache: upstream attention rotation disabled (TurboQuant uses kernel-level WHT)
llama_kv_cache: attn_rot_k = 0, n_embd_head_k_all = 256
llama_kv_cache: attn_rot_v = 0, n_embd_head_k_all = 256
sched_reserve: reserving ...
sched_reserve: resolving fused Gated Delta Net support:
sched_reserve: fused Gated Delta Net (autoregressive) enabled
sched_reserve: fused Gated Delta Net (chunked) enabled
srv  log_server_r: done request: POST /v1/chat/completions 172.17.0.1 503
sched_reserve:      CUDA0 compute buffer size =   866.52 MiB
sched_reserve:  CUDA_Host compute buffer size =   542.02 MiB
sched_reserve: graph nodes  = 2462
sched_reserve: graph splits = 2
sched_reserve: reserve took 158.46 ms, sched copies = 1
common_init_from_params: warming up the model with an empty run - please wait ... (--no-warmup to disable)
srv    load_model: MTP assistant path '/models/gemma-4-31B-it-assistant.Q4_K_M.gguf' (loaded into target model)
srv    load_model: initializing slots, n_slots = 4
slot   load_model: id  0 | task -1 | speculative decoding context initialized
slot   load_model: id  0 | task -1 | new slot, n_ctx = 262144
slot   load_model: id  1 | task -1 | speculative decoding context initialized
slot   load_model: id  1 | task -1 | new slot, n_ctx = 262144
slot   load_model: id  2 | task -1 | speculative decoding context initialized
slot   load_model: id  2 | task -1 | new slot, n_ctx = 262144
slot   load_model: id  3 | task -1 | speculative decoding context initialized
slot   load_model: id  3 | task -1 | new slot, n_ctx = 262144
srv    load_model: prompt cache is enabled, size limit: 8192 MiB
srv    load_model: use `--cache-ram 0` to disable the prompt cache
srv    load_model: for more info see https://github.com/ggml-org/llama.cpp/pull/16391
srv          init: init: idle slots will be saved to prompt cache and cleared upon starting a new task
common_chat_try_specialized_template: detected an outdated gemma4 chat template, applying compatibility workarounds. Consider updating to the official template.
init: chat template, example_format: '<|turn>system
<|think|>You are a helpful assistant<turn|>
<|turn>user
Hello<turn|>
<|turn>model
Hi there<turn|>
<|turn>user
How are you?<turn|>
<|turn>model
'
common_chat_try_specialized_template: detected an outdated gemma4 chat template, applying compatibility workarounds. Consider updating to the official template.
srv          init: init: chat template, thinking = 1
main: model loaded
main: server is listening on http://0.0.0.0:8080
main: starting the main loop...
srv  update_slots: all slots are idle
common_chat_try_specialized_template: detected an outdated gemma4 chat template, applying compatibility workarounds. Consider updating to the official template.
srv  params_from_: Chat format: peg-gemma4
slot get_availabl: id  3 | task -1 | selected slot by LRU, t_last = -1
srv  get_availabl: updating prompt cache
srv          load:  - looking for better prompt, base f_keep = -1.000, sim = 0.000
srv        update:  - cache state: 0 prompts, 0.000 MiB (limits: 8192.000 MiB, 262144 tokens, 8589934592 est)
srv  get_availabl: prompt cache update took 0.01 ms
slot launch_slot_: id  3 | task -1 | sampler chain: logits -> ?penalties -> ?dry -> ?top-n-sigma -> top-k -> ?typical -> top-p -> min-p -> ?xtc -> temp-ext -> dist 
slot launch_slot_: id  3 | task 0 | processing task, is_child = 0
slot update_slots: id  3 | task 0 | new prompt, n_ctx_slot = 262144, n_keep = 0, task.n_tokens = 38100
slot update_slots: id  3 | task 0 | n_tokens = 0, memory_seq_rm [0, end)
slot update_slots: id  3 | task 0 | prompt processing progress, n_tokens = 4096, batch.n_tokens = 4096, progress = 0.107507
init: embeddings required but some input tokens were not marked as outputs -> overriding
slot update_slots: id  3 | task 0 | n_tokens = 4096, memory_seq_rm [4096, end)
slot update_slots: id  3 | task 0 | prompt processing progress, n_tokens = 8192, batch.n_tokens = 4096, progress = 0.215013
init: embeddings required but some input tokens were not marked as outputs -> overriding
slot update_slots: id  3 | task 0 | n_tokens = 8192, memory_seq_rm [8192, end)
slot update_slots: id  3 | task 0 | 8192 tokens since last checkpoint at 0, creating new checkpoint during processing at position 12288
slot update_slots: id  3 | task 0 | prompt processing progress, n_tokens = 12288, batch.n_tokens = 4096, progress = 0.322520
slot update_slots: id  3 | task 0 | created context checkpoint 1 of 32 (pos_min = 3584, pos_max = 8191, n_tokens = 8192, size = 1012.554 MiB)
init: embeddings required but some input tokens were not marked as outputs -> overriding
slot update_slots: id  3 | task 0 | n_tokens = 12288, memory_seq_rm [12288, end)
slot update_slots: id  3 | task 0 | prompt processing progress, n_tokens = 16384, batch.n_tokens = 4096, progress = 0.430026
init: embeddings required but some input tokens were not marked as outputs -> overriding
slot update_slots: id  3 | task 0 | n_tokens = 16384, memory_seq_rm [16384, end)
slot update_slots: id  3 | task 0 | 8192 tokens since last checkpoint at 8192, creating new checkpoint during processing at position 20480
slot update_slots: id  3 | task 0 | prompt processing progress, n_tokens = 20480, batch.n_tokens = 4096, progress = 0.537533
slot update_slots: id  3 | task 0 | created context checkpoint 2 of 32 (pos_min = 11776, pos_max = 16383, n_tokens = 16384, size = 1012.554 MiB)
init: embeddings required but some input tokens were not marked as outputs -> overriding
common_chat_try_specialized_template: detected an outdated gemma4 chat template, applying compatibility workarounds. Consider updating to the official template.
srv  params_from_: Chat format: peg-gemma4
slot get_availabl: id  2 | task -1 | selected slot by LRU, t_last = -1
srv  get_availabl: updating prompt cache
srv          load:  - looking for better prompt, base f_keep = -1.000, sim = 0.000
srv        update:  - cache state: 0 prompts, 0.000 MiB (limits: 8192.000 MiB, 262144 tokens, 8589934592 est)
srv  get_availabl: prompt cache update took 0.01 ms
slot launch_slot_: id  2 | task -1 | sampler chain: logits -> ?penalties -> ?dry -> ?top-n-sigma -> top-k -> ?typical -> top-p -> min-p -> ?xtc -> temp-ext -> dist 
slot launch_slot_: id  2 | task 6 | processing task, is_child = 0
slot update_slots: id  2 | task 6 | new prompt, n_ctx_slot = 262144, n_keep = 0, task.n_tokens = 8690
slot update_slots: id  2 | task 6 | n_tokens = 0, memory_seq_rm [0, end)
slot update_slots: id  2 | task 6 | prompt processing progress, n_tokens = 4096, batch.n_tokens = 4096, progress = 0.471346
init: embeddings required but some input tokens were not marked as outputs -> overriding
slot update_slots: id  2 | task 6 | n_tokens = 4096, memory_seq_rm [4096, end)
slot update_slots: id  2 | task 6 | prompt processing progress, n_tokens = 8174, batch.n_tokens = 4078, progress = 0.940621
slot update_slots: id  3 | task 0 | n_tokens = 20480, memory_seq_rm [20480, end)
slot update_slots: id  3 | task 0 | prompt processing progress, n_tokens = 20498, batch.n_tokens = 4096, progress = 0.538005
init: embeddings required but some input tokens were not marked as outputs -> overriding
slot update_slots: id  2 | task 6 | n_tokens = 8174, memory_seq_rm [8174, end)
slot update_slots: id  2 | task 6 | prompt processing progress, n_tokens = 8686, batch.n_tokens = 512, progress = 0.999540
slot update_slots: id  2 | task 6 | created context checkpoint 1 of 32 (pos_min = 4607, pos_max = 8173, n_tokens = 8174, size = 783.807 MiB)
slot update_slots: id  3 | task 0 | n_tokens = 20498, memory_seq_rm [20498, end)
slot update_slots: id  3 | task 0 | prompt processing progress, n_tokens = 24082, batch.n_tokens = 4096, progress = 0.632073
init: embeddings required but some input tokens were not marked as outputs -> overriding
slot update_slots: id  2 | task 6 | n_tokens = 8686, memory_seq_rm [8686, end)
slot init_sampler: id  2 | task 6 | init sampler, took 0.49 ms, tokens: text = 8690, total = 8690
slot update_slots: id  2 | task 6 | prompt processing done, n_tokens = 8690, batch.n_tokens = 4
slot update_slots: id  2 | task 6 | created context checkpoint 2 of 32 (pos_min = 7663, pos_max = 8685, n_tokens = 8686, size = 224.793 MiB)
slot update_slots: id  3 | task 0 | n_tokens = 24082, memory_seq_rm [24082, end)
slot update_slots: id  3 | task 0 | prompt processing progress, n_tokens = 28174, batch.n_tokens = 4096, progress = 0.739475
init: embeddings required but some input tokens were not marked as outputs -> overriding
srv  log_server_r: done request: POST /v1/chat/completions 172.17.0.1 200
slot update_slots: id  3 | task 0 | n_tokens = 28174, memory_seq_rm [28174, end)
slot update_slots: id  3 | task 0 | 8192 tokens since last checkpoint at 16384, creating new checkpoint during processing at position 32264
slot update_slots: id  3 | task 0 | prompt processing progress, n_tokens = 32264, batch.n_tokens = 4096, progress = 0.846824
slot update_slots: id  3 | task 0 | created context checkpoint 3 of 32 (pos_min = 24589, pos_max = 28173, n_tokens = 28174, size = 787.762 MiB)
init: embeddings required but some input tokens were not marked as outputs -> overriding
slot update_slots: id  3 | task 0 | n_tokens = 32264, memory_seq_rm [32264, end)
slot update_slots: id  3 | task 0 | prompt processing progress, n_tokens = 36354, batch.n_tokens = 4096, progress = 0.954173
init: embeddings required but some input tokens were not marked as outputs -> overriding
slot update_slots: id  3 | task 0 | n_tokens = 36354, memory_seq_rm [36354, end)
slot update_slots: id  3 | task 0 | prompt processing progress, n_tokens = 37584, batch.n_tokens = 1236, progress = 0.986457
init: embeddings required but some input tokens were not marked as outputs -> overriding
slot update_slots: id  3 | task 0 | n_tokens = 37584, memory_seq_rm [37584, end)
slot update_slots: id  3 | task 0 | prompt processing progress, n_tokens = 38096, batch.n_tokens = 518, progress = 0.999895
slot update_slots: id  3 | task 0 | created context checkpoint 4 of 32 (pos_min = 34004, pos_max = 37583, n_tokens = 37584, size = 786.663 MiB)
init: embeddings required but some input tokens were not marked as outputs -> overriding
slot update_slots: id  3 | task 0 | n_tokens = 38096, memory_seq_rm [38096, end)
slot init_sampler: id  3 | task 0 | init sampler, took 2.03 ms, tokens: text = 38100, total = 38100
slot update_slots: id  3 | task 0 | prompt processing done, n_tokens = 38100, batch.n_tokens = 10
slot update_slots: id  3 | task 0 | created context checkpoint 5 of 32 (pos_min = 36561, pos_max = 38095, n_tokens = 38096, size = 337.299 MiB)
init: embeddings required but some input tokens were not marked as outputs -> overriding
srv  log_server_r: done request: POST /v1/chat/completions 172.17.0.1 200
decode_mtp_async: previous MTP request not yet waited (pending=0 in_flight=1 completed=0)
prepare_next: llama_decode_mtp_async failed (-7)
decode_mtp_async: previous MTP request not yet waited (pending=0 in_flight=1 completed=0)
prepare_next: llama_decode_mtp_async failed (-7)
decode_mtp_async: previous MTP request not yet waited (pending=0 in_flight=1 completed=0)
prepare_next: llama_decode_mtp_async failed (-7)
decode_mtp_async: previous MTP request not yet waited (pending=0 in_flight=1 completed=0)
prepare_next: llama_decode_mtp_async failed (-7)
decode_mtp_async: previous MTP request not yet waited (pending=0 in_flight=1 completed=0)
prepare_next: llama_decode_mtp_async failed (-7)
decode_mtp_async: previous MTP request not yet waited (pending=0 in_flight=1 completed=0)
prepare_next: llama_decode_mtp_async failed (-7)
decode_mtp_async: previous MTP request not yet waited (pending=0 in_flight=1 completed=0)
prepare_next: llama_decode_mtp_async failed (-7)
decode_mtp_async: previous MTP request not yet waited (pending=0 in_flight=1 completed=0)
prepare_next: llama_decode_mtp_async failed (-7)
decode_mtp_async: previous MTP request not yet waited (pending=0 in_flight=1 completed=0)
prepare_next: llama_decode_mtp_async failed (-7)
decode_mtp_async: previous MTP request not yet waited (pending=0 in_flight=1 completed=0)
prepare_next: llama_decode_mtp_async failed (-7)
decode_mtp_async: previous MTP request not yet waited (pending=0 in_flight=1 completed=0)
prepare_next: llama_decode_mtp_async failed (-7)
decode_mtp_async: previous MTP request not yet waited (pending=0 in_flight=1 completed=0)
prepare_next: llama_decode_mtp_async failed (-7)
decode_mtp_async: previous MTP request not yet waited (pending=0 in_flight=1 completed=0)
prepare_next: llama_decode_mtp_async failed (-7)
decode_mtp_async: previous MTP request not yet waited (pending=0 in_flight=1 completed=0)
prepare_next: llama_decode_mtp_async failed (-7)
decode_mtp_async: previous MTP request not yet waited (pending=0 in_flight=1 completed=0)
prepare_next: llama_decode_mtp_async failed (-7)
decode_mtp_async: previous MTP request not yet waited (pending=0 in_flight=1 completed=0)
prepare_next: llama_decode_mtp_async failed (-7)
decode_mtp_async: previous MTP request not yet waited (pending=0 in_flight=1 completed=0)
prepare_next: llama_decode_mtp_async failed (-7)
decode_mtp_async: previous MTP request not yet waited (pending=0 in_flight=1 completed=0)
prepare_next: llama_decode_mtp_async failed (-7)
decode_mtp_async: previous MTP request not yet waited (pending=0 in_flight=1 completed=0)
prepare_next: llama_decode_mtp_async failed (-7)
decode_mtp_async: previous MTP request not yet waited (pending=0 in_flight=1 completed=0)
prepare_next: llama_decode_mtp_async failed (-7)
decode_mtp_async: previous MTP request not yet waited (pending=0 in_flight=1 completed=0)
prepare_next: llama_decode_mtp_async failed (-7)
decode_mtp_async: previous MTP request not yet waited (pending=0 in_flight=1 completed=0)
prepare_next: llama_decode_mtp_async failed (-7)
decode_mtp_async: previous MTP request not yet waited (pending=0 in_flight=1 completed=0)
prepare_next: llama_decode_mtp_async failed (-7)
decode_mtp_async: previous MTP request not yet waited (pending=0 in_flight=1 completed=0)
prepare_next: llama_decode_mtp_async failed (-7)
decode_mtp_async: previous MTP request not yet waited (pending=0 in_flight=1 completed=0)
prepare_next: llama_decode_mtp_async failed (-7)
decode_mtp_async: previous MTP request not yet waited (pending=0 in_flight=1 completed=0)
prepare_next: llama_decode_mtp_async failed (-7)
decode_mtp_async: previous MTP request not yet waited (pending=0 in_flight=1 completed=0)
prepare_next: llama_decode_mtp_async failed (-7)
decode_mtp_async: previous MTP request not yet waited (pending=0 in_flight=1 completed=0)
prepare_next: llama_decode_mtp_async failed (-7)
decode_mtp_async: previous MTP request not yet waited (pending=0 in_flight=1 completed=0)
prepare_next: llama_decode_mtp_async failed (-7)
decode_mtp_async: previous MTP request not yet waited (pending=0 in_flight=1 completed=0)
prepare_next: llama_decode_mtp_async failed (-7)
decode_mtp_async: previous MTP request not yet waited (pending=0 in_flight=1 completed=0)
prepare_next: llama_decode_mtp_async failed (-7)
decode_mtp_async: previous MTP request not yet waited (pending=0 in_flight=1 completed=0)
prepare_next: llama_decode_mtp_async failed (-7)
decode_mtp_async: previous MTP request not yet waited (pending=0 in_flight=1 completed=0)
prepare_next: llama_decode_mtp_async failed (-7)
decode_mtp_async: previous MTP request not yet waited (pending=0 in_flight=1 completed=0)
prepare_next: llama_decode_mtp_async failed (-7)
decode_mtp_async: previous MTP request not yet waited (pending=0 in_flight=1 completed=0)
prepare_next: llama_decode_mtp_async failed (-7)
decode_mtp_async: previous MTP request not yet waited (pending=0 in_flight=1 completed=0)
prepare_next: llama_decode_mtp_async failed (-7)
decode_mtp_async: previous MTP request not yet waited (pending=0 in_flight=1 completed=0)
prepare_next: llama_decode_mtp_async failed (-7)
decode_mtp_async: previous MTP request not yet waited (pending=0 in_flight=1 completed=0)
prepare_next: llama_decode_mtp_async failed (-7)
decode_mtp_async: previous MTP request not yet waited (pending=0 in_flight=1 completed=0)
prepare_next: llama_decode_mtp_async failed (-7)
decode_mtp_async: previous MTP request not yet waited (pending=0 in_flight=1 completed=0)
prepare_next: llama_decode_mtp_async failed (-7)
decode_mtp_async: previous MTP request not yet waited (pending=0 in_flight=1 completed=0)
prepare_next: llama_decode_mtp_async failed (-7)
decode_mtp_async: previous MTP request not yet waited (pending=0 in_flight=1 completed=0)
prepare_next: llama_decode_mtp_async failed (-7)
decode_mtp_async: previous MTP request not yet waited (pending=0 in_flight=1 completed=0)
prepare_next: llama_decode_mtp_async failed (-7)
decode_mtp_async: previous MTP request not yet waited (pending=0 in_flight=1 completed=0)
prepare_next: llama_decode_mtp_async failed (-7)
decode_mtp_async: previous MTP request not yet waited (pending=0 in_flight=1 completed=0)
prepare_next: llama_decode_mtp_async failed (-7)
decode_mtp_async: previous MTP request not yet waited (pending=0 in_flight=1 completed=0)
prepare_next: llama_decode_mtp_async failed (-7)
decode_mtp_async: previous MTP request not yet waited (pending=0 in_flight=1 completed=0)
prepare_next: llama_decode_mtp_async failed (-7)
decode_mtp_async: previous MTP request not yet waited (pending=0 in_flight=1 completed=0)
prepare_next: llama_decode_mtp_async failed (-7)
decode_mtp_async: previous MTP request not yet waited (pending=0 in_flight=1 completed=0)
prepare_next: llama_decode_mtp_async failed (-7)
decode_mtp_async: previous MTP request not yet waited (pending=0 in_flight=1 completed=0)
prepare_next: llama_decode_mtp_async failed (-7)
decode_mtp_async: previous MTP request not yet waited (pending=0 in_flight=1 completed=0)
prepare_next: llama_decode_mtp_async failed (-7)
decode_mtp_async: previous MTP request not yet waited (pending=0 in_flight=1 completed=0)
prepare_next: llama_decode_mtp_async failed (-7)
decode_mtp_async: previous MTP request not yet waited (pending=0 in_flight=1 completed=0)
prepare_next: llama_decode_mtp_async failed (-7)
decode_mtp_async: previous MTP request not yet waited (pending=0 in_flight=1 completed=0)
prepare_next: llama_decode_mtp_async failed (-7)
decode_mtp_async: previous MTP request not yet waited (pending=0 in_flight=1 completed=0)
prepare_next: llama_decode_mtp_async failed (-7)
decode_mtp_async: previous MTP request not yet waited (pending=0 in_flight=1 completed=0)
prepare_next: llama_decode_mtp_async failed (-7)
decode_mtp_async: previous MTP request not yet waited (pending=0 in_flight=1 completed=0)
prepare_next: llama_decode_mtp_async failed (-7)
decode_mtp_async: previous MTP request not yet waited (pending=0 in_flight=1 completed=0)
prepare_next: llama_decode_mtp_async failed (-7)
decode_mtp_async: previous MTP request not yet waited (pending=0 in_flight=1 completed=0)
prepare_next: llama_decode_mtp_async failed (-7)
decode_mtp_async: previous MTP request not yet waited (pending=0 in_flight=1 completed=0)
prepare_next: llama_decode_mtp_async failed (-7)
decode_mtp_async: previous MTP request not yet waited (pending=0 in_flight=1 completed=0)
prepare_next: llama_decode_mtp_async failed (-7)
decode_mtp_async: previous MTP request not yet waited (pending=0 in_flight=1 completed=0)
prepare_next: llama_decode_mtp_async failed (-7)
decode_mtp_async: previous MTP request not yet waited (pending=0 in_flight=1 completed=0)
prepare_next: llama_decode_mtp_async failed (-7)
decode_mtp_async: previous MTP request not yet waited (pending=0 in_flight=1 completed=0)
prepare_next: llama_decode_mtp_async failed (-7)
decode_mtp_async: previous MTP request not yet waited (pending=0 in_flight=1 completed=0)
prepare_next: llama_decode_mtp_async failed (-7)
decode_mtp_async: previous MTP request not yet waited (pending=0 in_flight=1 completed=0)
prepare_next: llama_decode_mtp_async failed (-7)
decode_mtp_async: previous MTP request not yet waited (pending=0 in_flight=1 completed=0)
prepare_next: llama_decode_mtp_async failed (-7)
decode_mtp_async: previous MTP request not yet waited (pending=0 in_flight=1 completed=0)
prepare_next: llama_decode_mtp_async failed (-7)
decode_mtp_async: previous MTP request not yet waited (pending=0 in_flight=1 completed=0)
prepare_next: llama_decode_mtp_async failed (-7)
decode_mtp_async: previous MTP request not yet waited (pending=0 in_flight=1 completed=0)
prepare_next: llama_decode_mtp_async failed (-7)
decode_mtp_async: previous MTP request not yet waited (pending=0 in_flight=1 completed=0)
prepare_next: llama_decode_mtp_async failed (-7)
decode_mtp_async: previous MTP request not yet waited (pending=0 in_flight=1 completed=0)
prepare_next: llama_decode_mtp_async failed (-7)
decode_mtp_async: previous MTP request not yet waited (pending=0 in_flight=1 completed=0)
prepare_next: llama_decode_mtp_async failed (-7)
decode_mtp_async: previous MTP request not yet waited (pending=0 in_flight=1 completed=0)
prepare_next: llama_decode_mtp_async failed (-7)
decode_mtp_async: previous MTP request not yet waited (pending=0 in_flight=1 completed=0)
prepare_next: llama_decode_mtp_async failed (-7)
decode_mtp_async: previous MTP request not yet waited (pending=0 in_flight=1 completed=0)
prepare_next: llama_decode_mtp_async failed (-7)
decode_mtp_async: previous MTP request not yet waited (pending=0 in_flight=1 completed=0)
prepare_next: llama_decode_mtp_async failed (-7)
decode_mtp_async: previous MTP request not yet waited (pending=0 in_flight=1 completed=0)
prepare_next: llama_decode_mtp_async failed (-7)
decode_mtp_async: previous MTP request not yet waited (pending=0 in_flight=1 completed=0)
prepare_next: llama_decode_mtp_async failed (-7)
decode_mtp_async: previous MTP request not yet waited (pending=0 in_flight=1 completed=0)
prepare_next: llama_decode_mtp_async failed (-7)
decode_mtp_async: previous MTP request not yet waited (pending=0 in_flight=1 completed=0)
prepare_next: llama_decode_mtp_async failed (-7)
decode_mtp_async: previous MTP request not yet waited (pending=0 in_flight=1 completed=0)
prepare_next: llama_decode_mtp_async failed (-7)
decode_mtp_async: previous MTP request not yet waited (pending=0 in_flight=1 completed=0)
prepare_next: llama_decode_mtp_async failed (-7)
decode_mtp_async: previous MTP request not yet waited (pending=0 in_flight=1 completed=0)
prepare_next: llama_decode_mtp_async failed (-7)
decode_mtp_async: previous MTP request not yet waited (pending=0 in_flight=1 completed=0)
prepare_next: llama_decode_mtp_async failed (-7)
decode_mtp_async: previous MTP request not yet waited (pending=0 in_flight=1 completed=0)
prepare_next: llama_decode_mtp_async failed (-7)
decode_mtp_async: previous MTP request not yet waited (pending=0 in_flight=1 completed=0)
prepare_next: llama_decode_mtp_async failed (-7)
decode_mtp_async: previous MTP request not yet waited (pending=0 in_flight=1 completed=0)
prepare_next: llama_decode_mtp_async failed (-7)
decode_mtp_async: previous MTP request not yet waited (pending=0 in_flight=1 completed=0)
prepare_next: llama_decode_mtp_async failed (-7)
decode_mtp_async: previous MTP request not yet waited (pending=0 in_flight=1 completed=0)
prepare_next: llama_decode_mtp_async failed (-7)
decode_mtp_async: previous MTP request not yet waited (pending=0 in_flight=1 completed=0)
prepare_next: llama_decode_mtp_async failed (-7)
decode_mtp_async: previous MTP request not yet waited (pending=0 in_flight=1 completed=0)
prepare_next: llama_decode_mtp_async failed (-7)
decode_mtp_async: previous MTP request not yet waited (pending=0 in_flight=1 completed=0)
prepare_next: llama_decode_mtp_async failed (-7)
decode_mtp_async: previous MTP request not yet waited (pending=0 in_flight=1 completed=0)
prepare_next: llama_decode_mtp_async failed (-7)
decode_mtp_async: previous MTP request not yet waited (pending=0 in_flight=1 completed=0)
prepare_next: llama_decode_mtp_async failed (-7)
decode_mtp_async: previous MTP request not yet waited (pending=0 in_flight=1 completed=0)
prepare_next: llama_decode_mtp_async failed (-7)
decode_mtp_async: previous MTP request not yet waited (pending=0 in_flight=1 completed=0)
prepare_next: llama_decode_mtp_async failed (-7)
decode_mtp_async: previous MTP request not yet waited (pending=0 in_flight=1 completed=0)
prepare_next: llama_decode_mtp_async failed (-7)
decode_mtp_async: previous MTP request not yet waited (pending=0 in_flight=1 completed=0)
prepare_next: llama_decode_mtp_async failed (-7)
decode_mtp_async: previous MTP request not yet waited (pending=0 in_flight=1 completed=0)
prepare_next: llama_decode_mtp_async failed (-7)
decode_mtp_async: previous MTP request not yet waited (pending=0 in_flight=1 completed=0)
prepare_next: llama_decode_mtp_async failed (-7)
decode_mtp_async: previous MTP request not yet waited (pending=0 in_flight=1 completed=0)
prepare_next: llama_decode_mtp_async failed (-7)
decode_mtp_async: previous MTP request not yet waited (pending=0 in_flight=1 completed=0)
prepare_next: llama_decode_mtp_async failed (-7)
decode_mtp_async: previous MTP request not yet waited (pending=0 in_flight=1 completed=0)
prepare_next: llama_decode_mtp_async failed (-7)
decode_mtp_async: previous MTP request not yet waited (pending=0 in_flight=1 completed=0)
prepare_next: llama_decode_mtp_async failed (-7)
decode_mtp_async: previous MTP request not yet waited (pending=0 in_flight=1 completed=0)
prepare_next: llama_decode_mtp_async failed (-7)
decode_mtp_async: previous MTP request not yet waited (pending=0 in_flight=1 completed=0)
prepare_next: llama_decode_mtp_async failed (-7)
decode_mtp_async: previous MTP request not yet waited (pending=0 in_flight=1 completed=0)
prepare_next: llama_decode_mtp_async failed (-7)
decode_mtp_async: previous MTP request not yet waited (pending=0 in_flight=1 completed=0)
prepare_next: llama_decode_mtp_async failed (-7)
decode_mtp_async: previous MTP request not yet waited (pending=0 in_flight=1 completed=0)
prepare_next: llama_decode_mtp_async failed (-7)
decode_mtp_async: previous MTP request not yet waited (pending=0 in_flight=1 completed=0)
prepare_next: llama_decode_mtp_async failed (-7)
decode_mtp_async: previous MTP request not yet waited (pending=0 in_flight=1 completed=0)
prepare_next: llama_decode_mtp_async failed (-7)
decode_mtp_async: previous MTP request not yet waited (pending=0 in_flight=1 completed=0)
prepare_next: llama_decode_mtp_async failed (-7)
decode_mtp_async: previous MTP request not yet waited (pending=0 in_flight=1 completed=0)
prepare_next: llama_decode_mtp_async failed (-7)
decode_mtp_async: previous MTP request not yet waited (pending=0 in_flight=1 completed=0)
prepare_next: llama_decode_mtp_async failed (-7)
decode_mtp_async: previous MTP request not yet waited (pending=0 in_flight=1 completed=0)
prepare_next: llama_decode_mtp_async failed (-7)
decode_mtp_async: previous MTP request not yet waited (pending=0 in_flight=1 completed=0)
prepare_next: llama_decode_mtp_async failed (-7)
decode_mtp_async: previous MTP request not yet waited (pending=0 in_flight=1 completed=0)
prepare_next: llama_decode_mtp_async failed (-7)
decode_mtp_async: previous MTP request not yet waited (pending=0 in_flight=1 completed=0)
prepare_next: llama_decode_mtp_async failed (-7)
decode_mtp_async: previous MTP request not yet waited (pending=0 in_flight=1 completed=0)
prepare_next: llama_decode_mtp_async failed (-7)
decode_mtp_async: previous MTP request not yet waited (pending=0 in_flight=1 completed=0)
prepare_next: llama_decode_mtp_async failed (-7)
decode_mtp_async: previous MTP request not yet waited (pending=0 in_flight=1 completed=0)
prepare_next: llama_decode_mtp_async failed (-7)
decode_mtp_async: previous MTP request not yet waited (pending=0 in_flight=1 completed=0)
prepare_next: llama_decode_mtp_async failed (-7)
decode_mtp_async: previous MTP request not yet waited (pending=0 in_flight=1 completed=0)
prepare_next: llama_decode_mtp_async failed (-7)
decode_mtp_async: previous MTP request not yet waited (pending=0 in_flight=1 completed=0)
prepare_next: llama_decode_mtp_async failed (-7)
decode_mtp_async: previous MTP request not yet waited (pending=0 in_flight=1 completed=0)
prepare_next: llama_decode_mtp_async failed (-7)
decode_mtp_async: previous MTP request not yet waited (pending=0 in_flight=1 completed=0)
prepare_next: llama_decode_mtp_async failed (-7)
decode_mtp_async: previous MTP request not yet waited (pending=0 in_flight=1 completed=0)
prepare_next: llama_decode_mtp_async failed (-7)
decode_mtp_async: previous MTP request not yet waited (pending=0 in_flight=1 completed=0)
prepare_next: llama_decode_mtp_async failed (-7)
decode_mtp_async: previous MTP request not yet waited (pending=0 in_flight=1 completed=0)
prepare_next: llama_decode_mtp_async failed (-7)
decode_mtp_async: previous MTP request not yet waited (pending=0 in_flight=1 completed=0)
prepare_next: llama_decode_mtp_async failed (-7)
decode_mtp_async: previous MTP request not yet waited (pending=0 in_flight=1 completed=0)
prepare_next: llama_decode_mtp_async failed (-7)
decode_mtp_async: previous MTP request not yet waited (pending=0 in_flight=1 completed=0)
prepare_next: llama_decode_mtp_async failed (-7)
decode_mtp_async: previous MTP request not yet waited (pending=0 in_flight=1 completed=0)
prepare_next: llama_decode_mtp_async failed (-7)
decode_mtp_async: previous MTP request not yet waited (pending=0 in_flight=1 completed=0)
prepare_next: llama_decode_mtp_async failed (-7)
decode_mtp_async: previous MTP request not yet waited (pending=0 in_flight=1 completed=0)
prepare_next: llama_decode_mtp_async failed (-7)
decode_mtp_async: previous MTP request not yet waited (pending=0 in_flight=1 completed=0)
prepare_next: llama_decode_mtp_async failed (-7)
decode_mtp_async: previous MTP request not yet waited (pending=0 in_flight=1 completed=0)
prepare_next: llama_decode_mtp_async failed (-7)
decode_mtp_async: previous MTP request not yet waited (pending=0 in_flight=1 completed=0)
prepare_next: llama_decode_mtp_async failed (-7)
decode_mtp_async: previous MTP request not yet waited (pending=0 in_flight=1 completed=0)
prepare_next: llama_decode_mtp_async failed (-7)
decode_mtp_async: previous MTP request not yet waited (pending=0 in_flight=1 completed=0)
prepare_next: llama_decode_mtp_async failed (-7)
decode_mtp_async: previous MTP request not yet waited (pending=0 in_flight=1 completed=0)
prepare_next: llama_decode_mtp_async failed (-7)
decode_mtp_async: previous MTP request not yet waited (pending=0 in_flight=1 completed=0)
prepare_next: llama_decode_mtp_async failed (-7)
decode_mtp_async: previous MTP request not yet waited (pending=0 in_flight=1 completed=0)
prepare_next: llama_decode_mtp_async failed (-7)
decode_mtp_async: previous MTP request not yet waited (pending=0 in_flight=1 completed=0)
prepare_next: llama_decode_mtp_async failed (-7)
decode_mtp_async: previous MTP request not yet waited (pending=0 in_flight=1 completed=0)
prepare_next: llama_decode_mtp_async failed (-7)
decode_mtp_async: previous MTP request not yet waited (pending=0 in_flight=1 completed=0)
prepare_next: llama_decode_mtp_async failed (-7)
decode_mtp_async: previous MTP request not yet waited (pending=0 in_flight=1 completed=0)
prepare_next: llama_decode_mtp_async failed (-7)
decode_mtp_async: previous MTP request not yet waited (pending=0 in_flight=1 completed=0)
prepare_next: llama_decode_mtp_async failed (-7)
decode_mtp_async: previous MTP request not yet waited (pending=0 in_flight=1 completed=0)
prepare_next: llama_decode_mtp_async failed (-7)
decode_mtp_async: previous MTP request not yet waited (pending=0 in_flight=1 completed=0)
prepare_next: llama_decode_mtp_async failed (-7)
decode_mtp_async: previous MTP request not yet waited (pending=0 in_flight=1 completed=0)
prepare_next: llama_decode_mtp_async failed (-7)
decode_mtp_async: previous MTP request not yet waited (pending=0 in_flight=1 completed=0)
prepare_next: llama_decode_mtp_async failed (-7)
decode_mtp_async: previous MTP request not yet waited (pending=0 in_flight=1 completed=0)
prepare_next: llama_decode_mtp_async failed (-7)
decode_mtp_async: previous MTP request not yet waited (pending=0 in_flight=1 completed=0)
prepare_next: llama_decode_mtp_async failed (-7)
decode_mtp_async: previous MTP request not yet waited (pending=0 in_flight=1 completed=0)
prepare_next: llama_decode_mtp_async failed (-7)
decode_mtp_async: previous MTP request not yet waited (pending=0 in_flight=1 completed=0)
prepare_next: llama_decode_mtp_async failed (-7)
decode_mtp_async: previous MTP request not yet waited (pending=0 in_flight=1 completed=0)
prepare_next: llama_decode_mtp_async failed (-7)
decode_mtp_async: previous MTP request not yet waited (pending=0 in_flight=1 completed=0)
prepare_next: llama_decode_mtp_async failed (-7)
decode_mtp_async: previous MTP request not yet waited (pending=0 in_flight=1 completed=0)
prepare_next: llama_decode_mtp_async failed (-7)
decode_mtp_async: previous MTP request not yet waited (pending=0 in_flight=1 completed=0)
prepare_next: llama_decode_mtp_async failed (-7)
decode_mtp_async: previous MTP request not yet waited (pending=0 in_flight=1 completed=0)
prepare_next: llama_decode_mtp_async failed (-7)
decode_mtp_async: previous MTP request not yet waited (pending=0 in_flight=1 completed=0)
prepare_next: llama_decode_mtp_async failed (-7)
decode_mtp_async: previous MTP request not yet waited (pending=0 in_flight=1 completed=0)
prepare_next: llama_decode_mtp_async failed (-7)
decode_mtp_async: previous MTP request not yet waited (pending=0 in_flight=1 completed=0)
prepare_next: llama_decode_mtp_async failed (-7)
decode_mtp_async: previous MTP request not yet waited (pending=0 in_flight=1 completed=0)
prepare_next: llama_decode_mtp_async failed (-7)
decode_mtp_async: previous MTP request not yet waited (pending=0 in_flight=1 completed=0)
prepare_next: llama_decode_mtp_async failed (-7)
decode_mtp_async: previous MTP request not yet waited (pending=0 in_flight=1 completed=0)
prepare_next: llama_decode_mtp_async failed (-7)
decode_mtp_async: previous MTP request not yet waited (pending=0 in_flight=1 completed=0)
prepare_next: llama_decode_mtp_async failed (-7)
decode_mtp_async: previous MTP request not yet waited (pending=0 in_flight=1 completed=0)
prepare_next: llama_decode_mtp_async failed (-7)
decode_mtp_async: previous MTP request not yet waited (pending=0 in_flight=1 completed=0)
prepare_next: llama_decode_mtp_async failed (-7)
decode_mtp_async: previous MTP request not yet waited (pending=0 in_flight=1 completed=0)
prepare_next: llama_decode_mtp_async failed (-7)
decode_mtp_async: previous MTP request not yet waited (pending=0 in_flight=1 completed=0)
prepare_next: llama_decode_mtp_async failed (-7)
decode_mtp_async: previous MTP request not yet waited (pending=0 in_flight=1 completed=0)
prepare_next: llama_decode_mtp_async failed (-7)
decode_mtp_async: previous MTP request not yet waited (pending=0 in_flight=1 completed=0)
prepare_next: llama_decode_mtp_async failed (-7)
decode_mtp_async: previous MTP request not yet waited (pending=0 in_flight=1 completed=0)
prepare_next: llama_decode_mtp_async failed (-7)
decode_mtp_async: previous MTP request not yet waited (pending=0 in_flight=1 completed=0)
prepare_next: llama_decode_mtp_async failed (-7)
decode_mtp_async: previous MTP request not yet waited (pending=0 in_flight=1 completed=0)
prepare_next: llama_decode_mtp_async failed (-7)
decode_mtp_async: previous MTP request not yet waited (pending=0 in_flight=1 completed=0)
prepare_next: llama_decode_mtp_async failed (-7)
decode_mtp_async: previous MTP request not yet waited (pending=0 in_flight=1 completed=0)
prepare_next: llama_decode_mtp_async failed (-7)
decode_mtp_async: previous MTP request not yet waited (pending=0 in_flight=1 completed=0)
prepare_next: llama_decode_mtp_async failed (-7)
decode_mtp_async: previous MTP request not yet waited (pending=0 in_flight=1 completed=0)
prepare_next: llama_decode_mtp_async failed (-7)
decode_mtp_async: previous MTP request not yet waited (pending=0 in_flight=1 completed=0)
prepare_next: llama_decode_mtp_async failed (-7)
decode_mtp_async: previous MTP request not yet waited (pending=0 in_flight=1 completed=0)
prepare_next: llama_decode_mtp_async failed (-7)
decode_mtp_async: previous MTP request not yet waited (pending=0 in_flight=1 completed=0)
prepare_next: llama_decode_mtp_async failed (-7)
decode_mtp_async: previous MTP request not yet waited (pending=0 in_flight=1 completed=0)
prepare_next: llama_decode_mtp_async failed (-7)
decode_mtp_async: previous MTP request not yet waited (pending=0 in_flight=1 completed=0)
prepare_next: llama_decode_mtp_async failed (-7)
decode_mtp_async: previous MTP request not yet waited (pending=0 in_flight=1 completed=0)
prepare_next: llama_decode_mtp_async failed (-7)
decode_mtp_async: previous MTP request not yet waited (pending=0 in_flight=1 completed=0)
prepare_next: llama_decode_mtp_async failed (-7)
decode_mtp_async: previous MTP request not yet waited (pending=0 in_flight=1 completed=0)
prepare_next: llama_decode_mtp_async failed (-7)
decode_mtp_async: previous MTP request not yet waited (pending=0 in_flight=1 completed=0)
prepare_next: llama_decode_mtp_async failed (-7)
decode_mtp_async: previous MTP request not yet waited (pending=0 in_flight=1 completed=0)
prepare_next: llama_decode_mtp_async failed (-7)
decode_mtp_async: previous MTP request not yet waited (pending=0 in_flight=1 completed=0)
prepare_next: llama_decode_mtp_async failed (-7)
decode_mtp_async: previous MTP request not yet waited (pending=0 in_flight=1 completed=0)
prepare_next: llama_decode_mtp_async failed (-7)
decode_mtp_async: previous MTP request not yet waited (pending=0 in_flight=1 completed=0)
prepare_next: llama_decode_mtp_async failed (-7)
decode_mtp_async: previous MTP request not yet waited (pending=0 in_flight=1 completed=0)
prepare_next: llama_decode_mtp_async failed (-7)
decode_mtp_async: previous MTP request not yet waited (pending=0 in_flight=1 completed=0)
prepare_next: llama_decode_mtp_async failed (-7)
decode_mtp_async: previous MTP request not yet waited (pending=0 in_flight=1 completed=0)
prepare_next: llama_decode_mtp_async failed (-7)
decode_mtp_async: previous MTP request not yet waited (pending=0 in_flight=1 completed=0)
prepare_next: llama_decode_mtp_async failed (-7)
decode_mtp_async: previous MTP request not yet waited (pending=0 in_flight=1 completed=0)
prepare_next: llama_decode_mtp_async failed (-7)
decode_mtp_async: previous MTP request not yet waited (pending=0 in_flight=1 completed=0)
prepare_next: llama_decode_mtp_async failed (-7)
decode_mtp_async: previous MTP request not yet waited (pending=0 in_flight=1 completed=0)
prepare_next: llama_decode_mtp_async failed (-7)
decode_mtp_async: previous MTP request not yet waited (pending=0 in_flight=1 completed=0)
prepare_next: llama_decode_mtp_async failed (-7)
decode_mtp_async: previous MTP request not yet waited (pending=0 in_flight=1 completed=0)
prepare_next: llama_decode_mtp_async failed (-7)
decode_mtp_async: previous MTP request not yet waited (pending=0 in_flight=1 completed=0)
prepare_next: llama_decode_mtp_async failed (-7)
decode_mtp_async: previous MTP request not yet waited (pending=0 in_flight=1 completed=0)
prepare_next: llama_decode_mtp_async failed (-7)
decode_mtp_async: previous MTP request not yet waited (pending=0 in_flight=1 completed=0)
prepare_next: llama_decode_mtp_async failed (-7)
decode_mtp_async: previous MTP request not yet waited (pending=0 in_flight=1 completed=0)
prepare_next: llama_decode_mtp_async failed (-7)
decode_mtp_async: previous MTP request not yet waited (pending=0 in_flight=1 completed=0)
prepare_next: llama_decode_mtp_async failed (-7)
decode_mtp_async: previous MTP request not yet waited (pending=0 in_flight=1 completed=0)
prepare_next: llama_decode_mtp_async failed (-7)
decode_mtp_async: previous MTP request not yet waited (pending=0 in_flight=1 completed=0)
prepare_next: llama_decode_mtp_async failed (-7)
decode_mtp_async: previous MTP request not yet waited (pending=0 in_flight=1 completed=0)
prepare_next: llama_decode_mtp_async failed (-7)
decode_mtp_async: previous MTP request not yet waited (pending=0 in_flight=1 completed=0)
prepare_next: llama_decode_mtp_async failed (-7)
decode_mtp_async: previous MTP request not yet waited (pending=0 in_flight=1 completed=0)
prepare_next: llama_decode_mtp_async failed (-7)
decode_mtp_async: previous MTP request not yet waited (pending=0 in_flight=1 completed=0)
prepare_next: llama_decode_mtp_async failed (-7)
decode_mtp_async: previous MTP request not yet waited (pending=0 in_flight=1 completed=0)
prepare_next: llama_decode_mtp_async failed (-7)
decode_mtp_async: previous MTP request not yet waited (pending=0 in_flight=1 completed=0)
prepare_next: llama_decode_mtp_async failed (-7)
decode_mtp_async: previous MTP request not yet waited (pending=0 in_flight=1 completed=0)
prepare_next: llama_decode_mtp_async failed (-7)
decode_mtp_async: previous MTP request not yet waited (pending=0 in_flight=1 completed=0)
prepare_next: llama_decode_mtp_async failed (-7)
decode_mtp_async: previous MTP request not yet waited (pending=0 in_flight=1 completed=0)
prepare_next: llama_decode_mtp_async failed (-7)
decode_mtp_async: previous MTP request not yet waited (pending=0 in_flight=1 completed=0)
prepare_next: llama_decode_mtp_async failed (-7)
decode_mtp_async: previous MTP request not yet waited (pending=0 in_flight=1 completed=0)
prepare_next: llama_decode_mtp_async failed (-7)
decode_mtp_async: previous MTP request not yet waited (pending=0 in_flight=1 completed=0)
prepare_next: llama_decode_mtp_async failed (-7)
decode_mtp_async: previous MTP request not yet waited (pending=0 in_flight=1 completed=0)
prepare_next: llama_decode_mtp_async failed (-7)
decode_mtp_async: previous MTP request not yet waited (pending=0 in_flight=1 completed=0)
prepare_next: llama_decode_mtp_async failed (-7)
decode_mtp_async: previous MTP request not yet waited (pending=0 in_flight=1 completed=0)
prepare_next: llama_decode_mtp_async failed (-7)
decode_mtp_async: previous MTP request not yet waited (pending=0 in_flight=1 completed=0)
prepare_next: llama_decode_mtp_async failed (-7)
decode_mtp_async: previous MTP request not yet waited (pending=0 in_flight=1 completed=0)
prepare_next: llama_decode_mtp_async failed (-7)
decode_mtp_async: previous MTP request not yet waited (pending=0 in_flight=1 completed=0)
prepare_next: llama_decode_mtp_async failed (-7)
decode_mtp_async: previous MTP request not yet waited (pending=0 in_flight=1 completed=0)
prepare_next: llama_decode_mtp_async failed (-7)
decode_mtp_async: previous MTP request not yet waited (pending=0 in_flight=1 completed=0)
prepare_next: llama_decode_mtp_async failed (-7)
decode_mtp_async: previous MTP request not yet waited (pending=0 in_flight=1 completed=0)
prepare_next: llama_decode_mtp_async failed (-7)
decode_mtp_async: previous MTP request not yet waited (pending=0 in_flight=1 completed=0)
prepare_next: llama_decode_mtp_async failed (-7)
decode_mtp_async: previous MTP request not yet waited (pending=0 in_flight=1 completed=0)
prepare_next: llama_decode_mtp_async failed (-7)
decode_mtp_async: previous MTP request not yet waited (pending=0 in_flight=1 completed=0)
prepare_next: llama_decode_mtp_async failed (-7)
decode_mtp_async: previous MTP request not yet waited (pending=0 in_flight=1 completed=0)
prepare_next: llama_decode_mtp_async failed (-7)
decode_mtp_async: previous MTP request not yet waited (pending=0 in_flight=1 completed=0)
prepare_next: llama_decode_mtp_async failed (-7)
decode_mtp_async: previous MTP request not yet waited (pending=0 in_flight=1 completed=0)
prepare_next: llama_decode_mtp_async failed (-7)
decode_mtp_async: previous MTP request not yet waited (pending=0 in_flight=1 completed=0)
prepare_next: llama_decode_mtp_async failed (-7)
decode_mtp_async: previous MTP request not yet waited (pending=0 in_flight=1 completed=0)
prepare_next: llama_decode_mtp_async failed (-7)
decode_mtp_async: previous MTP request not yet waited (pending=0 in_flight=1 completed=0)
prepare_next: llama_decode_mtp_async failed (-7)
decode_mtp_async: previous MTP request not yet waited (pending=0 in_flight=1 completed=0)
prepare_next: llama_decode_mtp_async failed (-7)
decode_mtp_async: previous MTP request not yet waited (pending=0 in_flight=1 completed=0)
prepare_next: llama_decode_mtp_async failed (-7)
decode_mtp_async: previous MTP request not yet waited (pending=0 in_flight=1 completed=0)
prepare_next: llama_decode_mtp_async failed (-7)
decode_mtp_async: previous MTP request not yet waited (pending=0 in_flight=1 completed=0)
prepare_next: llama_decode_mtp_async failed (-7)
decode_mtp_async: previous MTP request not yet waited (pending=0 in_flight=1 completed=0)
prepare_next: llama_decode_mtp_async failed (-7)
decode_mtp_async: previous MTP request not yet waited (pending=0 in_flight=1 completed=0)
prepare_next: llama_decode_mtp_async failed (-7)
decode_mtp_async: previous MTP request not yet waited (pending=0 in_flight=1 completed=0)
prepare_next: llama_decode_mtp_async failed (-7)
decode_mtp_async: previous MTP request not yet waited (pending=0 in_flight=1 completed=0)
prepare_next: llama_decode_mtp_async failed (-7)
decode_mtp_async: previous MTP request not yet waited (pending=0 in_flight=1 completed=0)
prepare_next: llama_decode_mtp_async failed (-7)
decode_mtp_async: previous MTP request not yet waited (pending=0 in_flight=1 completed=0)
prepare_next: llama_decode_mtp_async failed (-7)
decode_mtp_async: previous MTP request not yet waited (pending=0 in_flight=1 completed=0)
prepare_next: llama_decode_mtp_async failed (-7)
decode_mtp_async: previous MTP request not yet waited (pending=0 in_flight=1 completed=0)
prepare_next: llama_decode_mtp_async failed (-7)
decode_mtp_async: previous MTP request not yet waited (pending=0 in_flight=1 completed=0)
prepare_next: llama_decode_mtp_async failed (-7)
decode_mtp_async: previous MTP request not yet waited (pending=0 in_flight=1 completed=0)
prepare_next: llama_decode_mtp_async failed (-7)
decode_mtp_async: previous MTP request not yet waited (pending=0 in_flight=1 completed=0)
prepare_next: llama_decode_mtp_async failed (-7)
decode_mtp_async: previous MTP request not yet waited (pending=0 in_flight=1 completed=0)
prepare_next: llama_decode_mtp_async failed (-7)
decode_mtp_async: previous MTP request not yet waited (pending=0 in_flight=1 completed=0)
prepare_next: llama_decode_mtp_async failed (-7)
decode_mtp_async: previous MTP request not yet waited (pending=0 in_flight=1 completed=0)
prepare_next: llama_decode_mtp_async failed (-7)
decode_mtp_async: previous MTP request not yet waited (pending=0 in_flight=1 completed=0)
prepare_next: llama_decode_mtp_async failed (-7)
decode_mtp_async: previous MTP request not yet waited (pending=0 in_flight=1 completed=0)
prepare_next: llama_decode_mtp_async failed (-7)
decode_mtp_async: previous MTP request not yet waited (pending=0 in_flight=1 completed=0)
prepare_next: llama_decode_mtp_async failed (-7)
decode_mtp_async: previous MTP request not yet waited (pending=0 in_flight=1 completed=0)
prepare_next: llama_decode_mtp_async failed (-7)
decode_mtp_async: previous MTP request not yet waited (pending=0 in_flight=1 completed=0)
prepare_next: llama_decode_mtp_async failed (-7)
decode_mtp_async: previous MTP request not yet waited (pending=0 in_flight=1 completed=0)
prepare_next: llama_decode_mtp_async failed (-7)
decode_mtp_async: previous MTP request not yet waited (pending=0 in_flight=1 completed=0)
prepare_next: llama_decode_mtp_async failed (-7)
decode_mtp_async: previous MTP request not yet waited (pending=0 in_flight=1 completed=0)
prepare_next: llama_decode_mtp_async failed (-7)
decode_mtp_async: previous MTP request not yet waited (pending=0 in_flight=1 completed=0)
prepare_next: llama_decode_mtp_async failed (-7)
decode_mtp_async: previous MTP request not yet waited (pending=0 in_flight=1 completed=0)
prepare_next: llama_decode_mtp_async failed (-7)
decode_mtp_async: previous MTP request not yet waited (pending=0 in_flight=1 completed=0)
prepare_next: llama_decode_mtp_async failed (-7)
decode_mtp_async: previous MTP request not yet waited (pending=0 in_flight=1 completed=0)
prepare_next: llama_decode_mtp_async failed (-7)
decode_mtp_async: previous MTP request not yet waited (pending=0 in_flight=1 completed=0)
prepare_next: llama_decode_mtp_async failed (-7)
decode_mtp_async: previous MTP request not yet waited (pending=0 in_flight=1 completed=0)
prepare_next: llama_decode_mtp_async failed (-7)
slot print_timing: id  2 | task 6 | 
prompt eval time =    9384.52 ms /  8690 tokens (    1.08 ms per token,   925.99 tokens per second)
       eval time =   37001.53 ms /   983 tokens (   37.64 ms per token,    26.57 tokens per second)
      total time =   46386.05 ms /  9673 tokens
draft acceptance rate = 0.50394 (  703 accepted /  1395 generated)
statistics mtp: #calls(b,g,a) = 1 279 218, #gen drafts = 279, #acc drafts = 218, #gen tokens = 1395, #acc tokens = 703, dur(b,g,a) = 0.004, 8358.787, 0.086 ms
slot      release: id  2 | task 6 | stop processing: n_tokens = 9672, truncated = 0
slot print_timing: id  3 | task 0 | 
prompt eval time =   27329.38 ms / 38100 tokens (    0.72 ms per token,  1394.10 tokens per second)
       eval time =   41593.16 ms /  1836 tokens (   22.65 ms per token,    44.14 tokens per second)
      total time =   68922.54 ms / 39936 tokens
draft acceptance rate = 0.62103 ( 1388 accepted /  2235 generated)
statistics mtp: #calls(b,g,a) = 1 447 375, #gen drafts = 447, #acc drafts = 375, #gen tokens = 2235, #acc tokens = 1388, dur(b,g,a) = 0.002, 13871.390, 0.112 ms
slot      release: id  3 | task 0 | stop processing: n_tokens = 39935, truncated = 0
srv  update_slots: all slots are idle
common_chat_try_specialized_template: detected an outdated gemma4 chat template, applying compatibility workarounds. Consider updating to the official template.
srv  params_from_: Chat format: peg-gemma4
slot get_availabl: id  3 | task -1 | selected slot by LCP similarity, sim_best = 0.524 (> 0.100 thold), f_keep = 0.500
slot launch_slot_: id  3 | task -1 | sampler chain: logits -> ?penalties -> ?dry -> ?top-n-sigma -> top-k -> ?typical -> top-p -> min-p -> ?xtc -> temp-ext -> dist 
slot launch_slot_: id  3 | task 463 | processing task, is_child = 0
slot slot_save_an: id  2 | task -1 | saving idle slot to prompt cache
srv   prompt_save:  - saving prompt with length 9672, total state size = 554.764 MiB
slot prompt_clear: id  2 | task -1 | clearing prompt with 9672 tokens
srv        update:  - cache state: 1 prompts, 1563.363 MiB (limits: 8192.000 MiB, 262144 tokens, 262144 est)
srv        update:    - prompt 0x627d90caccd0:    9672 tokens, checkpoints:  2,  1563.363 MiB
slot update_slots: id  3 | task 463 | new prompt, n_ctx_slot = 262144, n_keep = 0, task.n_tokens = 38166
slot update_slots: id  3 | task 463 | n_past = 19985, slot.prompt.tokens.size() = 39935, seq_id = 3, pos_min = 37896, n_swa = 1024
slot update_slots: id  3 | task 463 | Checking checkpoint with [36561, 38095] against 18961...
slot update_slots: id  3 | task 463 | Checking checkpoint with [34004, 37583] against 18961...
slot update_slots: id  3 | task 463 | Checking checkpoint with [24589, 28173] against 18961...
slot update_slots: id  3 | task 463 | Checking checkpoint with [11776, 16383] against 18961...
slot update_slots: id  3 | task 463 | restored context checkpoint (pos_min = 11776, pos_max = 16383, n_tokens = 16384, n_past = 16383, size = 1012.554 MiB)
slot update_slots: id  3 | task 463 | erased invalidated context checkpoint (pos_min = 24589, pos_max = 28173, n_tokens = 28174, n_swa = 1024, pos_next = 16383, size = 787.762 MiB)
slot update_slots: id  3 | task 463 | erased invalidated context checkpoint (pos_min = 34004, pos_max = 37583, n_tokens = 37584, n_swa = 1024, pos_next = 16383, size = 786.663 MiB)
slot update_slots: id  3 | task 463 | erased invalidated context checkpoint (pos_min = 36561, pos_max = 38095, n_tokens = 38096, n_swa = 1024, pos_next = 16383, size = 337.299 MiB)
slot update_slots: id  3 | task 463 | n_tokens = 16383, memory_seq_rm [16383, end)
slot update_slots: id  3 | task 463 | prompt processing progress, n_tokens = 20479, batch.n_tokens = 4096, progress = 0.536577
init: embeddings required but some input tokens were not marked as outputs -> overriding
slot update_slots: id  3 | task 463 | n_tokens = 20479, memory_seq_rm [20479, end)
slot update_slots: id  3 | task 463 | prompt processing progress, n_tokens = 24575, batch.n_tokens = 4096, progress = 0.643898
init: embeddings required but some input tokens were not marked as outputs -> overriding
slot update_slots: id  3 | task 463 | n_tokens = 24575, memory_seq_rm [24575, end)
slot update_slots: id  3 | task 463 | prompt processing progress, n_tokens = 28671, batch.n_tokens = 4096, progress = 0.751218
init: embeddings required but some input tokens were not marked as outputs -> overriding
slot update_slots: id  3 | task 463 | n_tokens = 28671, memory_seq_rm [28671, end)
slot update_slots: id  3 | task 463 | 8192 tokens since last checkpoint at 16384, creating new checkpoint during processing at position 32767
slot update_slots: id  3 | task 463 | prompt processing progress, n_tokens = 32767, batch.n_tokens = 4096, progress = 0.858539
slot update_slots: id  3 | task 463 | created context checkpoint 3 of 32 (pos_min = 24063, pos_max = 28670, n_tokens = 28671, size = 1012.554 MiB)
init: embeddings required but some input tokens were not marked as outputs -> overriding
slot update_slots: id  3 | task 463 | n_tokens = 32767, memory_seq_rm [32767, end)
slot update_slots: id  3 | task 463 | prompt processing progress, n_tokens = 36863, batch.n_tokens = 4096, progress = 0.965860
init: embeddings required but some input tokens were not marked as outputs -> overriding
slot update_slots: id  3 | task 463 | n_tokens = 36863, memory_seq_rm [36863, end)
slot update_slots: id  3 | task 463 | 8192 tokens since last checkpoint at 28671, creating new checkpoint during processing at position 37650
slot update_slots: id  3 | task 463 | prompt processing progress, n_tokens = 37650, batch.n_tokens = 787, progress = 0.986480
slot update_slots: id  3 | task 463 | created context checkpoint 4 of 32 (pos_min = 32255, pos_max = 36862, n_tokens = 36863, size = 1012.554 MiB)
init: embeddings required but some input tokens were not marked as outputs -> overriding
slot update_slots: id  3 | task 463 | n_tokens = 37650, memory_seq_rm [37650, end)
slot update_slots: id  3 | task 463 | prompt processing progress, n_tokens = 38162, batch.n_tokens = 512, progress = 0.999895
slot update_slots: id  3 | task 463 | created context checkpoint 5 of 32 (pos_min = 33042, pos_max = 37649, n_tokens = 37650, size = 1012.554 MiB)
init: embeddings required but some input tokens were not marked as outputs -> overriding
common_chat_try_specialized_template: detected an outdated gemma4 chat template, applying compatibility workarounds. Consider updating to the official template.
slot update_slots: id  3 | task 463 | n_tokens = 38162, memory_seq_rm [38162, end)
slot init_sampler: id  3 | task 463 | init sampler, took 2.13 ms, tokens: text = 38166, total = 38166
slot update_slots: id  3 | task 463 | prompt processing done, n_tokens = 38166, batch.n_tokens = 4
srv  params_from_: Chat format: peg-gemma4
slot update_slots: id  3 | task 463 | created context checkpoint 6 of 32 (pos_min = 33554, pos_max = 38161, n_tokens = 38162, size = 1012.554 MiB)
init: embeddings required but some input tokens were not marked as outputs -> overriding
slot get_availabl: id  1 | task -1 | selected slot by LRU, t_last = -1
srv  get_availabl: updating prompt cache
srv          load:  - looking for better prompt, base f_keep = -1.000, sim = 0.000
srv          load:  - found better prompt with f_keep = 0.487, sim = 0.510
srv  log_server_r: done request: POST /v1/chat/completions 172.17.0.1 200
srv        update:  - cache state: 0 prompts, 0.000 MiB (limits: 8192.000 MiB, 262144 tokens, 8589934592 est)
srv  get_availabl: prompt cache update took 71.49 ms
slot launch_slot_: id  1 | task -1 | sampler chain: logits -> ?penalties -> ?dry -> ?top-n-sigma -> top-k -> ?typical -> top-p -> min-p -> ?xtc -> temp-ext -> dist 
slot launch_slot_: id  1 | task 472 | processing task, is_child = 0
get_embeddings_ith: invalid embeddings id 5, reason: batch.logits[5] != true
slot update_slots: id  1 | task 472 | new prompt, n_ctx_slot = 262144, n_keep = 0, task.n_tokens = 9229
slot update_slots: id  1 | task 472 | n_past = 4708, slot.prompt.tokens.size() = 9672, seq_id = 1, pos_min = 8115, n_swa = 1024
slot update_slots: id  1 | task 472 | Checking checkpoint with [7663, 8685] against 3684...
slot update_slots: id  1 | task 472 | Checking checkpoint with [4607, 8173] against 3684...
slot update_slots: id  1 | task 472 | forcing full prompt re-processing due to lack of cache data (likely due to SWA or hybrid/recurrent memory, see https://github.com/ggml-org/llama.cpp/pull/13194#issuecomment-2868343055)
slot update_slots: id  1 | task 472 | erased invalidated context checkpoint (pos_min = 4607, pos_max = 8173, n_tokens = 8174, n_swa = 1024, pos_next = 0, size = 783.807 MiB)
slot update_slots: id  1 | task 472 | erased invalidated context checkpoint (pos_min = 7663, pos_max = 8685, n_tokens = 8686, n_swa = 1024, pos_next = 0, size = 224.793 MiB)
slot update_slots: id  1 | task 472 | n_tokens = 0, memory_seq_rm [0, end)
slot update_slots: id  1 | task 472 | prompt processing progress, n_tokens = 4090, batch.n_tokens = 4096, progress = 0.443168
init: embeddings required but some input tokens were not marked as outputs -> overriding
slot update_slots: id  1 | task 472 | n_tokens = 4090, memory_seq_rm [4090, end)
slot update_slots: id  1 | task 472 | prompt processing progress, n_tokens = 8180, batch.n_tokens = 4096, progress = 0.886337
init: embeddings required but some input tokens were not marked as outputs -> overriding
slot update_slots: id  1 | task 472 | n_tokens = 8180, memory_seq_rm [8180, end)
slot update_slots: id  1 | task 472 | prompt processing progress, n_tokens = 8713, batch.n_tokens = 539, progress = 0.944089
init: embeddings required but some input tokens were not marked as outputs -> overriding
slot update_slots: id  1 | task 472 | n_tokens = 8713, memory_seq_rm [8713, end)
slot update_slots: id  1 | task 472 | prompt processing progress, n_tokens = 9225, batch.n_tokens = 518, progress = 0.999567
slot update_slots: id  1 | task 472 | created context checkpoint 1 of 32 (pos_min = 5130, pos_max = 8712, n_tokens = 8713, size = 787.322 MiB)
init: embeddings required but some input tokens were not marked as outputs -> overriding
slot update_slots: id  1 | task 472 | n_tokens = 9225, memory_seq_rm [9225, end)
slot init_sampler: id  1 | task 472 | init sampler, took 0.52 ms, tokens: text = 9229, total = 9229
slot update_slots: id  1 | task 472 | prompt processing done, n_tokens = 9229, batch.n_tokens = 10
slot update_slots: id  1 | task 472 | created context checkpoint 2 of 32 (pos_min = 5646, pos_max = 9224, n_tokens = 9225, size = 786.443 MiB)
init: embeddings required but some input tokens were not marked as outputs -> overriding
srv  log_server_r: done request: POST /v1/chat/completions 172.17.0.1 200
decode_mtp_async: previous MTP request not yet waited (pending=1 in_flight=0 completed=0)
draft: llama_decode_mtp_async failed (-7)
decode_mtp_async: previous MTP request not yet waited (pending=0 in_flight=1 completed=0)
prepare_next: llama_decode_mtp_async failed (-7)
decode_mtp_async: previous MTP request not yet waited (pending=0 in_flight=1 completed=0)
prepare_next: llama_decode_mtp_async failed (-7)
decode_mtp_async: previous MTP request not yet waited (pending=0 in_flight=1 completed=0)
prepare_next: llama_decode_mtp_async failed (-7)
decode_mtp_async: previous MTP request not yet waited (pending=0 in_flight=1 completed=0)
prepare_next: llama_decode_mtp_async failed (-7)
decode_mtp_async: previous MTP request not yet waited (pending=0 in_flight=1 completed=0)
prepare_next: llama_decode_mtp_async failed (-7)
decode_mtp_async: previous MTP request not yet waited (pending=0 in_flight=1 completed=0)
prepare_next: llama_decode_mtp_async failed (-7)
decode_mtp_async: previous MTP request not yet waited (pending=0 in_flight=1 completed=0)
prepare_next: llama_decode_mtp_async failed (-7)
decode_mtp_async: previous MTP request not yet waited (pending=0 in_flight=1 completed=0)
prepare_next: llama_decode_mtp_async failed (-7)
decode_mtp_async: previous MTP request not yet waited (pending=0 in_flight=1 completed=0)
prepare_next: llama_decode_mtp_async failed (-7)
decode_mtp_async: previous MTP request not yet waited (pending=0 in_flight=1 completed=0)
prepare_next: llama_decode_mtp_async failed (-7)
decode_mtp_async: previous MTP request not yet waited (pending=0 in_flight=1 completed=0)
prepare_next: llama_decode_mtp_async failed (-7)
decode_mtp_async: previous MTP request not yet waited (pending=0 in_flight=1 completed=0)
prepare_next: llama_decode_mtp_async failed (-7)
decode_mtp_async: previous MTP request not yet waited (pending=0 in_flight=1 completed=0)
prepare_next: llama_decode_mtp_async failed (-7)
decode_mtp_async: previous MTP request not yet waited (pending=0 in_flight=1 completed=0)
prepare_next: llama_decode_mtp_async failed (-7)
decode_mtp_async: previous MTP request not yet waited (pending=0 in_flight=1 completed=0)
prepare_next: llama_decode_mtp_async failed (-7)
decode_mtp_async: previous MTP request not yet waited (pending=0 in_flight=1 completed=0)
prepare_next: llama_decode_mtp_async failed (-7)
decode_mtp_async: previous MTP request not yet waited (pending=0 in_flight=1 completed=0)
prepare_next: llama_decode_mtp_async failed (-7)
decode_mtp_async: previous MTP request not yet waited (pending=0 in_flight=1 completed=0)
prepare_next: llama_decode_mtp_async failed (-7)
decode_mtp_async: previous MTP request not yet waited (pending=0 in_flight=1 completed=0)
prepare_next: llama_decode_mtp_async failed (-7)
decode_mtp_async: previous MTP request not yet waited (pending=0 in_flight=1 completed=0)
prepare_next: llama_decode_mtp_async failed (-7)
decode_mtp_async: previous MTP request not yet waited (pending=0 in_flight=1 completed=0)
prepare_next: llama_decode_mtp_async failed (-7)
decode_mtp_async: previous MTP request not yet waited (pending=0 in_flight=1 completed=0)
prepare_next: llama_decode_mtp_async failed (-7)
decode_mtp_async: previous MTP request not yet waited (pending=0 in_flight=1 completed=0)
prepare_next: llama_decode_mtp_async failed (-7)
decode_mtp_async: previous MTP request not yet waited (pending=0 in_flight=1 completed=0)
prepare_next: llama_decode_mtp_async failed (-7)
decode_mtp_async: previous MTP request not yet waited (pending=0 in_flight=1 completed=0)
prepare_next: llama_decode_mtp_async failed (-7)
decode_mtp_async: previous MTP request not yet waited (pending=0 in_flight=1 completed=0)
prepare_next: llama_decode_mtp_async failed (-7)
decode_mtp_async: previous MTP request not yet waited (pending=0 in_flight=1 completed=0)
prepare_next: llama_decode_mtp_async failed (-7)
decode_mtp_async: previous MTP request not yet waited (pending=0 in_flight=1 completed=0)
prepare_next: llama_decode_mtp_async failed (-7)
decode_mtp_async: previous MTP request not yet waited (pending=0 in_flight=1 completed=0)
prepare_next: llama_decode_mtp_async failed (-7)
decode_mtp_async: previous MTP request not yet waited (pending=0 in_flight=1 completed=0)
prepare_next: llama_decode_mtp_async failed (-7)
decode_mtp_async: previous MTP request not yet waited (pending=0 in_flight=1 completed=0)
prepare_next: llama_decode_mtp_async failed (-7)
decode_mtp_async: previous MTP request not yet waited (pending=0 in_flight=1 completed=0)
prepare_next: llama_decode_mtp_async failed (-7)
decode_mtp_async: previous MTP request not yet waited (pending=0 in_flight=1 completed=0)
prepare_next: llama_decode_mtp_async failed (-7)
decode_mtp_async: previous MTP request not yet waited (pending=0 in_flight=1 completed=0)
prepare_next: llama_decode_mtp_async failed (-7)
decode_mtp_async: previous MTP request not yet waited (pending=0 in_flight=1 completed=0)
prepare_next: llama_decode_mtp_async failed (-7)
decode_mtp_async: previous MTP request not yet waited (pending=0 in_flight=1 completed=0)
prepare_next: llama_decode_mtp_async failed (-7)
decode_mtp_async: previous MTP request not yet waited (pending=0 in_flight=1 completed=0)
prepare_next: llama_decode_mtp_async failed (-7)
decode_mtp_async: previous MTP request not yet waited (pending=0 in_flight=1 completed=0)
prepare_next: llama_decode_mtp_async failed (-7)
decode_mtp_async: previous MTP request not yet waited (pending=0 in_flight=1 completed=0)
prepare_next: llama_decode_mtp_async failed (-7)
decode_mtp_async: previous MTP request not yet waited (pending=0 in_flight=1 completed=0)
prepare_next: llama_decode_mtp_async failed (-7)
decode_mtp_async: previous MTP request not yet waited (pending=0 in_flight=1 completed=0)
prepare_next: llama_decode_mtp_async failed (-7)
decode_mtp_async: previous MTP request not yet waited (pending=0 in_flight=1 completed=0)
prepare_next: llama_decode_mtp_async failed (-7)
decode_mtp_async: previous MTP request not yet waited (pending=0 in_flight=1 completed=0)
prepare_next: llama_decode_mtp_async failed (-7)
decode_mtp_async: previous MTP request not yet waited (pending=0 in_flight=1 completed=0)
prepare_next: llama_decode_mtp_async failed (-7)
decode_mtp_async: previous MTP request not yet waited (pending=0 in_flight=1 completed=0)
prepare_next: llama_decode_mtp_async failed (-7)
decode_mtp_async: previous MTP request not yet waited (pending=0 in_flight=1 completed=0)
prepare_next: llama_decode_mtp_async failed (-7)
decode_mtp_async: previous MTP request not yet waited (pending=0 in_flight=1 completed=0)
prepare_next: llama_decode_mtp_async failed (-7)
decode_mtp_async: previous MTP request not yet waited (pending=0 in_flight=1 completed=0)
prepare_next: llama_decode_mtp_async failed (-7)
decode_mtp_async: previous MTP request not yet waited (pending=0 in_flight=1 completed=0)
prepare_next: llama_decode_mtp_async failed (-7)
decode_mtp_async: previous MTP request not yet waited (pending=0 in_flight=1 completed=0)
prepare_next: llama_decode_mtp_async failed (-7)
decode_mtp_async: previous MTP request not yet waited (pending=0 in_flight=1 completed=0)
prepare_next: llama_decode_mtp_async failed (-7)
decode_mtp_async: previous MTP request not yet waited (pending=0 in_flight=1 completed=0)
prepare_next: llama_decode_mtp_async failed (-7)
decode_mtp_async: previous MTP request not yet waited (pending=0 in_flight=1 completed=0)
prepare_next: llama_decode_mtp_async failed (-7)
decode_mtp_async: previous MTP request not yet waited (pending=0 in_flight=1 completed=0)
prepare_next: llama_decode_mtp_async failed (-7)
decode_mtp_async: previous MTP request not yet waited (pending=0 in_flight=1 completed=0)
prepare_next: llama_decode_mtp_async failed (-7)
decode_mtp_async: previous MTP request not yet waited (pending=0 in_flight=1 completed=0)
prepare_next: llama_decode_mtp_async failed (-7)
decode_mtp_async: previous MTP request not yet waited (pending=0 in_flight=1 completed=0)
prepare_next: llama_decode_mtp_async failed (-7)
decode_mtp_async: previous MTP request not yet waited (pending=0 in_flight=1 completed=0)
prepare_next: llama_decode_mtp_async failed (-7)
decode_mtp_async: previous MTP request not yet waited (pending=0 in_flight=1 completed=0)
prepare_next: llama_decode_mtp_async failed (-7)
decode_mtp_async: previous MTP request not yet waited (pending=0 in_flight=1 completed=0)
prepare_next: llama_decode_mtp_async failed (-7)
decode_mtp_async: previous MTP request not yet waited (pending=0 in_flight=1 completed=0)
prepare_next: llama_decode_mtp_async failed (-7)
decode_mtp_async: previous MTP request not yet waited (pending=0 in_flight=1 completed=0)
prepare_next: llama_decode_mtp_async failed (-7)
decode_mtp_async: previous MTP request not yet waited (pending=0 in_flight=1 completed=0)
prepare_next: llama_decode_mtp_async failed (-7)
decode_mtp_async: previous MTP request not yet waited (pending=0 in_flight=1 completed=0)
prepare_next: llama_decode_mtp_async failed (-7)
decode_mtp_async: previous MTP request not yet waited (pending=0 in_flight=1 completed=0)
prepare_next: llama_decode_mtp_async failed (-7)
decode_mtp_async: previous MTP request not yet waited (pending=0 in_flight=1 completed=0)
prepare_next: llama_decode_mtp_async failed (-7)
decode_mtp_async: previous MTP request not yet waited (pending=0 in_flight=1 completed=0)
prepare_next: llama_decode_mtp_async failed (-7)
decode_mtp_async: previous MTP request not yet waited (pending=0 in_flight=1 completed=0)
prepare_next: llama_decode_mtp_async failed (-7)
decode_mtp_async: previous MTP request not yet waited (pending=0 in_flight=1 completed=0)
prepare_next: llama_decode_mtp_async failed (-7)
decode_mtp_async: previous MTP request not yet waited (pending=0 in_flight=1 completed=0)
prepare_next: llama_decode_mtp_async failed (-7)
decode_mtp_async: previous MTP request not yet waited (pending=0 in_flight=1 completed=0)
prepare_next: llama_decode_mtp_async failed (-7)
decode_mtp_async: previous MTP request not yet waited (pending=0 in_flight=1 completed=0)
prepare_next: llama_decode_mtp_async failed (-7)
decode_mtp_async: previous MTP request not yet waited (pending=0 in_flight=1 completed=0)
prepare_next: llama_decode_mtp_async failed (-7)
decode_mtp_async: previous MTP request not yet waited (pending=0 in_flight=1 completed=0)
prepare_next: llama_decode_mtp_async failed (-7)
decode_mtp_async: previous MTP request not yet waited (pending=0 in_flight=1 completed=0)
prepare_next: llama_decode_mtp_async failed (-7)
decode_mtp_async: previous MTP request not yet waited (pending=0 in_flight=1 completed=0)
prepare_next: llama_decode_mtp_async failed (-7)
decode_mtp_async: previous MTP request not yet waited (pending=0 in_flight=1 completed=0)
prepare_next: llama_decode_mtp_async failed (-7)
decode_mtp_async: previous MTP request not yet waited (pending=0 in_flight=1 completed=0)
prepare_next: llama_decode_mtp_async failed (-7)
decode_mtp_async: previous MTP request not yet waited (pending=0 in_flight=1 completed=0)
prepare_next: llama_decode_mtp_async failed (-7)
decode_mtp_async: previous MTP request not yet waited (pending=0 in_flight=1 completed=0)
prepare_next: llama_decode_mtp_async failed (-7)
decode_mtp_async: previous MTP request not yet waited (pending=0 in_flight=1 completed=0)
prepare_next: llama_decode_mtp_async failed (-7)
decode_mtp_async: previous MTP request not yet waited (pending=0 in_flight=1 completed=0)
prepare_next: llama_decode_mtp_async failed (-7)
decode_mtp_async: previous MTP request not yet waited (pending=0 in_flight=1 completed=0)
prepare_next: llama_decode_mtp_async failed (-7)
decode_mtp_async: previous MTP request not yet waited (pending=0 in_flight=1 completed=0)
prepare_next: llama_decode_mtp_async failed (-7)
decode_mtp_async: previous MTP request not yet waited (pending=0 in_flight=1 completed=0)
prepare_next: llama_decode_mtp_async failed (-7)
decode_mtp_async: previous MTP request not yet waited (pending=0 in_flight=1 completed=0)
prepare_next: llama_decode_mtp_async failed (-7)
decode_mtp_async: previous MTP request not yet waited (pending=0 in_flight=1 completed=0)
prepare_next: llama_decode_mtp_async failed (-7)
decode_mtp_async: previous MTP request not yet waited (pending=0 in_flight=1 completed=0)
prepare_next: llama_decode_mtp_async failed (-7)
decode_mtp_async: previous MTP request not yet waited (pending=0 in_flight=1 completed=0)
prepare_next: llama_decode_mtp_async failed (-7)
decode_mtp_async: previous MTP request not yet waited (pending=0 in_flight=1 completed=0)
prepare_next: llama_decode_mtp_async failed (-7)
decode_mtp_async: previous MTP request not yet waited (pending=0 in_flight=1 completed=0)
prepare_next: llama_decode_mtp_async failed (-7)
decode_mtp_async: previous MTP request not yet waited (pending=0 in_flight=1 completed=0)
prepare_next: llama_decode_mtp_async failed (-7)
decode_mtp_async: previous MTP request not yet waited (pending=0 in_flight=1 completed=0)
prepare_next: llama_decode_mtp_async failed (-7)
decode_mtp_async: previous MTP request not yet waited (pending=0 in_flight=1 completed=0)
prepare_next: llama_decode_mtp_async failed (-7)
decode_mtp_async: previous MTP request not yet waited (pending=0 in_flight=1 completed=0)
prepare_next: llama_decode_mtp_async failed (-7)
decode_mtp_async: previous MTP request not yet waited (pending=0 in_flight=1 completed=0)
prepare_next: llama_decode_mtp_async failed (-7)
decode_mtp_async: previous MTP request not yet waited (pending=0 in_flight=1 completed=0)
prepare_next: llama_decode_mtp_async failed (-7)
decode_mtp_async: previous MTP request not yet waited (pending=0 in_flight=1 completed=0)
prepare_next: llama_decode_mtp_async failed (-7)
decode_mtp_async: previous MTP request not yet waited (pending=0 in_flight=1 completed=0)
prepare_next: llama_decode_mtp_async failed (-7)
decode_mtp_async: previous MTP request not yet waited (pending=0 in_flight=1 completed=0)
prepare_next: llama_decode_mtp_async failed (-7)
decode_mtp_async: previous MTP request not yet waited (pending=0 in_flight=1 completed=0)
prepare_next: llama_decode_mtp_async failed (-7)
decode_mtp_async: previous MTP request not yet waited (pending=0 in_flight=1 completed=0)
prepare_next: llama_decode_mtp_async failed (-7)
decode_mtp_async: previous MTP request not yet waited (pending=0 in_flight=1 completed=0)
prepare_next: llama_decode_mtp_async failed (-7)
decode_mtp_async: previous MTP request not yet waited (pending=0 in_flight=1 completed=0)
prepare_next: llama_decode_mtp_async failed (-7)
decode_mtp_async: previous MTP request not yet waited (pending=0 in_flight=1 completed=0)
prepare_next: llama_decode_mtp_async failed (-7)
decode_mtp_async: previous MTP request not yet waited (pending=0 in_flight=1 completed=0)
prepare_next: llama_decode_mtp_async failed (-7)
decode_mtp_async: previous MTP request not yet waited (pending=0 in_flight=1 completed=0)
prepare_next: llama_decode_mtp_async failed (-7)
decode_mtp_async: previous MTP request not yet waited (pending=0 in_flight=1 completed=0)
prepare_next: llama_decode_mtp_async failed (-7)
decode_mtp_async: previous MTP request not yet waited (pending=0 in_flight=1 completed=0)
prepare_next: llama_decode_mtp_async failed (-7)
decode_mtp_async: previous MTP request not yet waited (pending=0 in_flight=1 completed=0)
prepare_next: llama_decode_mtp_async failed (-7)
decode_mtp_async: previous MTP request not yet waited (pending=0 in_flight=1 completed=0)
prepare_next: llama_decode_mtp_async failed (-7)
decode_mtp_async: previous MTP request not yet waited (pending=0 in_flight=1 completed=0)
prepare_next: llama_decode_mtp_async failed (-7)
decode_mtp_async: previous MTP request not yet waited (pending=0 in_flight=1 completed=0)
prepare_next: llama_decode_mtp_async failed (-7)
decode_mtp_async: previous MTP request not yet waited (pending=0 in_flight=1 completed=0)
prepare_next: llama_decode_mtp_async failed (-7)
decode_mtp_async: previous MTP request not yet waited (pending=0 in_flight=1 completed=0)
prepare_next: llama_decode_mtp_async failed (-7)
decode_mtp_async: previous MTP request not yet waited (pending=0 in_flight=1 completed=0)
prepare_next: llama_decode_mtp_async failed (-7)
decode_mtp_async: previous MTP request not yet waited (pending=0 in_flight=1 completed=0)
prepare_next: llama_decode_mtp_async failed (-7)
decode_mtp_async: previous MTP request not yet waited (pending=0 in_flight=1 completed=0)
prepare_next: llama_decode_mtp_async failed (-7)
decode_mtp_async: previous MTP request not yet waited (pending=0 in_flight=1 completed=0)
prepare_next: llama_decode_mtp_async failed (-7)
decode_mtp_async: previous MTP request not yet waited (pending=0 in_flight=1 completed=0)
prepare_next: llama_decode_mtp_async failed (-7)
decode_mtp_async: previous MTP request not yet waited (pending=0 in_flight=1 completed=0)
prepare_next: llama_decode_mtp_async failed (-7)
decode_mtp_async: previous MTP request not yet waited (pending=0 in_flight=1 completed=0)
prepare_next: llama_decode_mtp_async failed (-7)
decode_mtp_async: previous MTP request not yet waited (pending=0 in_flight=1 completed=0)
prepare_next: llama_decode_mtp_async failed (-7)
decode_mtp_async: previous MTP request not yet waited (pending=0 in_flight=1 completed=0)
prepare_next: llama_decode_mtp_async failed (-7)
decode_mtp_async: previous MTP request not yet waited (pending=0 in_flight=1 completed=0)
prepare_next: llama_decode_mtp_async failed (-7)
decode_mtp_async: previous MTP request not yet waited (pending=0 in_flight=1 completed=0)
prepare_next: llama_decode_mtp_async failed (-7)
decode_mtp_async: previous MTP request not yet waited (pending=0 in_flight=1 completed=0)
prepare_next: llama_decode_mtp_async failed (-7)
decode_mtp_async: previous MTP request not yet waited (pending=0 in_flight=1 completed=0)
prepare_next: llama_decode_mtp_async failed (-7)
decode_mtp_async: previous MTP request not yet waited (pending=0 in_flight=1 completed=0)
prepare_next: llama_decode_mtp_async failed (-7)
decode_mtp_async: previous MTP request not yet waited (pending=0 in_flight=1 completed=0)
prepare_next: llama_decode_mtp_async failed (-7)
decode_mtp_async: previous MTP request not yet waited (pending=0 in_flight=1 completed=0)
prepare_next: llama_decode_mtp_async failed (-7)
decode_mtp_async: previous MTP request not yet waited (pending=0 in_flight=1 completed=0)
prepare_next: llama_decode_mtp_async failed (-7)
decode_mtp_async: previous MTP request not yet waited (pending=0 in_flight=1 completed=0)
prepare_next: llama_decode_mtp_async failed (-7)
decode_mtp_async: previous MTP request not yet waited (pending=0 in_flight=1 completed=0)
prepare_next: llama_decode_mtp_async failed (-7)
decode_mtp_async: previous MTP request not yet waited (pending=0 in_flight=1 completed=0)
prepare_next: llama_decode_mtp_async failed (-7)
decode_mtp_async: previous MTP request not yet waited (pending=0 in_flight=1 completed=0)
prepare_next: llama_decode_mtp_async failed (-7)
decode_mtp_async: previous MTP request not yet waited (pending=0 in_flight=1 completed=0)
prepare_next: llama_decode_mtp_async failed (-7)
decode_mtp_async: previous MTP request not yet waited (pending=0 in_flight=1 completed=0)
prepare_next: llama_decode_mtp_async failed (-7)
decode_mtp_async: previous MTP request not yet waited (pending=0 in_flight=1 completed=0)
prepare_next: llama_decode_mtp_async failed (-7)
decode_mtp_async: previous MTP request not yet waited (pending=0 in_flight=1 completed=0)
prepare_next: llama_decode_mtp_async failed (-7)
decode_mtp_async: previous MTP request not yet waited (pending=0 in_flight=1 completed=0)
prepare_next: llama_decode_mtp_async failed (-7)
decode_mtp_async: previous MTP request not yet waited (pending=0 in_flight=1 completed=0)
prepare_next: llama_decode_mtp_async failed (-7)
decode_mtp_async: previous MTP request not yet waited (pending=0 in_flight=1 completed=0)
prepare_next: llama_decode_mtp_async failed (-7)
decode_mtp_async: previous MTP request not yet waited (pending=0 in_flight=1 completed=0)
prepare_next: llama_decode_mtp_async failed (-7)
decode_mtp_async: previous MTP request not yet waited (pending=0 in_flight=1 completed=0)
prepare_next: llama_decode_mtp_async failed (-7)
decode_mtp_async: previous MTP request not yet waited (pending=0 in_flight=1 completed=0)
prepare_next: llama_decode_mtp_async failed (-7)
decode_mtp_async: previous MTP request not yet waited (pending=0 in_flight=1 completed=0)
prepare_next: llama_decode_mtp_async failed (-7)
decode_mtp_async: previous MTP request not yet waited (pending=0 in_flight=1 completed=0)
prepare_next: llama_decode_mtp_async failed (-7)
decode_mtp_async: previous MTP request not yet waited (pending=0 in_flight=1 completed=0)
prepare_next: llama_decode_mtp_async failed (-7)
decode_mtp_async: previous MTP request not yet waited (pending=0 in_flight=1 completed=0)
prepare_next: llama_decode_mtp_async failed (-7)
decode_mtp_async: previous MTP request not yet waited (pending=0 in_flight=1 completed=0)
prepare_next: llama_decode_mtp_async failed (-7)
decode_mtp_async: previous MTP request not yet waited (pending=0 in_flight=1 completed=0)
prepare_next: llama_decode_mtp_async failed (-7)
decode_mtp_async: previous MTP request not yet waited (pending=0 in_flight=1 completed=0)
prepare_next: llama_decode_mtp_async failed (-7)
decode_mtp_async: previous MTP request not yet waited (pending=0 in_flight=1 completed=0)
prepare_next: llama_decode_mtp_async failed (-7)
decode_mtp_async: previous MTP request not yet waited (pending=0 in_flight=1 completed=0)
prepare_next: llama_decode_mtp_async failed (-7)
decode_mtp_async: previous MTP request not yet waited (pending=0 in_flight=1 completed=0)
prepare_next: llama_decode_mtp_async failed (-7)
decode_mtp_async: previous MTP request not yet waited (pending=0 in_flight=1 completed=0)
prepare_next: llama_decode_mtp_async failed (-7)
decode_mtp_async: previous MTP request not yet waited (pending=0 in_flight=1 completed=0)
prepare_next: llama_decode_mtp_async failed (-7)
decode_mtp_async: previous MTP request not yet waited (pending=0 in_flight=1 completed=0)
prepare_next: llama_decode_mtp_async failed (-7)
decode_mtp_async: previous MTP request not yet waited (pending=0 in_flight=1 completed=0)
prepare_next: llama_decode_mtp_async failed (-7)
decode_mtp_async: previous MTP request not yet waited (pending=0 in_flight=1 completed=0)
prepare_next: llama_decode_mtp_async failed (-7)
decode_mtp_async: previous MTP request not yet waited (pending=0 in_flight=1 completed=0)
prepare_next: llama_decode_mtp_async failed (-7)
decode_mtp_async: previous MTP request not yet waited (pending=0 in_flight=1 completed=0)
prepare_next: llama_decode_mtp_async failed (-7)
decode_mtp_async: previous MTP request not yet waited (pending=0 in_flight=1 completed=0)
prepare_next: llama_decode_mtp_async failed (-7)
decode_mtp_async: previous MTP request not yet waited (pending=0 in_flight=1 completed=0)
prepare_next: llama_decode_mtp_async failed (-7)
decode_mtp_async: previous MTP request not yet waited (pending=0 in_flight=1 completed=0)
prepare_next: llama_decode_mtp_async failed (-7)
decode_mtp_async: previous MTP request not yet waited (pending=0 in_flight=1 completed=0)
prepare_next: llama_decode_mtp_async failed (-7)
decode_mtp_async: previous MTP request not yet waited (pending=0 in_flight=1 completed=0)
prepare_next: llama_decode_mtp_async failed (-7)
decode_mtp_async: previous MTP request not yet waited (pending=0 in_flight=1 completed=0)
prepare_next: llama_decode_mtp_async failed (-7)
decode_mtp_async: previous MTP request not yet waited (pending=0 in_flight=1 completed=0)
prepare_next: llama_decode_mtp_async failed (-7)
decode_mtp_async: previous MTP request not yet waited (pending=0 in_flight=1 completed=0)
prepare_next: llama_decode_mtp_async failed (-7)
decode_mtp_async: previous MTP request not yet waited (pending=0 in_flight=1 completed=0)
prepare_next: llama_decode_mtp_async failed (-7)
decode_mtp_async: previous MTP request not yet waited (pending=0 in_flight=1 completed=0)
prepare_next: llama_decode_mtp_async failed (-7)
decode_mtp_async: previous MTP request not yet waited (pending=0 in_flight=1 completed=0)
prepare_next: llama_decode_mtp_async failed (-7)
decode_mtp_async: previous MTP request not yet waited (pending=0 in_flight=1 completed=0)
prepare_next: llama_decode_mtp_async failed (-7)
decode_mtp_async: previous MTP request not yet waited (pending=0 in_flight=1 completed=0)
prepare_next: llama_decode_mtp_async failed (-7)
decode_mtp_async: previous MTP request not yet waited (pending=0 in_flight=1 completed=0)
prepare_next: llama_decode_mtp_async failed (-7)
decode_mtp_async: previous MTP request not yet waited (pending=0 in_flight=1 completed=0)
prepare_next: llama_decode_mtp_async failed (-7)
decode_mtp_async: previous MTP request not yet waited (pending=0 in_flight=1 completed=0)
prepare_next: llama_decode_mtp_async failed (-7)
decode_mtp_async: previous MTP request not yet waited (pending=0 in_flight=1 completed=0)
prepare_next: llama_decode_mtp_async failed (-7)
decode_mtp_async: previous MTP request not yet waited (pending=0 in_flight=1 completed=0)
prepare_next: llama_decode_mtp_async failed (-7)
decode_mtp_async: previous MTP request not yet waited (pending=0 in_flight=1 completed=0)
prepare_next: llama_decode_mtp_async failed (-7)
decode_mtp_async: previous MTP request not yet waited (pending=0 in_flight=1 completed=0)
prepare_next: llama_decode_mtp_async failed (-7)
decode_mtp_async: previous MTP request not yet waited (pending=0 in_flight=1 completed=0)
prepare_next: llama_decode_mtp_async failed (-7)
decode_mtp_async: previous MTP request not yet waited (pending=0 in_flight=1 completed=0)
prepare_next: llama_decode_mtp_async failed (-7)
decode_mtp_async: previous MTP request not yet waited (pending=0 in_flight=1 completed=0)
prepare_next: llama_decode_mtp_async failed (-7)
decode_mtp_async: previous MTP request not yet waited (pending=0 in_flight=1 completed=0)
prepare_next: llama_decode_mtp_async failed (-7)
decode_mtp_async: previous MTP request not yet waited (pending=0 in_flight=1 completed=0)
prepare_next: llama_decode_mtp_async failed (-7)
decode_mtp_async: previous MTP request not yet waited (pending=0 in_flight=1 completed=0)
prepare_next: llama_decode_mtp_async failed (-7)
decode_mtp_async: previous MTP request not yet waited (pending=0 in_flight=1 completed=0)
prepare_next: llama_decode_mtp_async failed (-7)
decode_mtp_async: previous MTP request not yet waited (pending=0 in_flight=1 completed=0)
prepare_next: llama_decode_mtp_async failed (-7)
decode_mtp_async: previous MTP request not yet waited (pending=0 in_flight=1 completed=0)
prepare_next: llama_decode_mtp_async failed (-7)
decode_mtp_async: previous MTP request not yet waited (pending=0 in_flight=1 completed=0)
prepare_next: llama_decode_mtp_async failed (-7)
decode_mtp_async: previous MTP request not yet waited (pending=0 in_flight=1 completed=0)
prepare_next: llama_decode_mtp_async failed (-7)
decode_mtp_async: previous MTP request not yet waited (pending=0 in_flight=1 completed=0)
prepare_next: llama_decode_mtp_async failed (-7)
decode_mtp_async: previous MTP request not yet waited (pending=0 in_flight=1 completed=0)
prepare_next: llama_decode_mtp_async failed (-7)
decode_mtp_async: previous MTP request not yet waited (pending=0 in_flight=1 completed=0)
prepare_next: llama_decode_mtp_async failed (-7)
decode_mtp_async: previous MTP request not yet waited (pending=0 in_flight=1 completed=0)
prepare_next: llama_decode_mtp_async failed (-7)
decode_mtp_async: previous MTP request not yet waited (pending=0 in_flight=1 completed=0)
prepare_next: llama_decode_mtp_async failed (-7)
decode_mtp_async: previous MTP request not yet waited (pending=0 in_flight=1 completed=0)
prepare_next: llama_decode_mtp_async failed (-7)
decode_mtp_async: previous MTP request not yet waited (pending=0 in_flight=1 completed=0)
prepare_next: llama_decode_mtp_async failed (-7)
decode_mtp_async: previous MTP request not yet waited (pending=0 in_flight=1 completed=0)
prepare_next: llama_decode_mtp_async failed (-7)
decode_mtp_async: previous MTP request not yet waited (pending=0 in_flight=1 completed=0)
prepare_next: llama_decode_mtp_async failed (-7)
decode_mtp_async: previous MTP request not yet waited (pending=0 in_flight=1 completed=0)
prepare_next: llama_decode_mtp_async failed (-7)
decode_mtp_async: previous MTP request not yet waited (pending=0 in_flight=1 completed=0)
prepare_next: llama_decode_mtp_async failed (-7)
decode_mtp_async: previous MTP request not yet waited (pending=0 in_flight=1 completed=0)
prepare_next: llama_decode_mtp_async failed (-7)
decode_mtp_async: previous MTP request not yet waited (pending=0 in_flight=1 completed=0)
prepare_next: llama_decode_mtp_async failed (-7)
decode_mtp_async: previous MTP request not yet waited (pending=0 in_flight=1 completed=0)
prepare_next: llama_decode_mtp_async failed (-7)
decode_mtp_async: previous MTP request not yet waited (pending=0 in_flight=1 completed=0)
prepare_next: llama_decode_mtp_async failed (-7)
decode_mtp_async: previous MTP request not yet waited (pending=0 in_flight=1 completed=0)
prepare_next: llama_decode_mtp_async failed (-7)
decode_mtp_async: previous MTP request not yet waited (pending=0 in_flight=1 completed=0)
prepare_next: llama_decode_mtp_async failed (-7)
decode_mtp_async: previous MTP request not yet waited (pending=0 in_flight=1 completed=0)
prepare_next: llama_decode_mtp_async failed (-7)
decode_mtp_async: previous MTP request not yet waited (pending=0 in_flight=1 completed=0)
prepare_next: llama_decode_mtp_async failed (-7)
decode_mtp_async: previous MTP request not yet waited (pending=0 in_flight=1 completed=0)
prepare_next: llama_decode_mtp_async failed (-7)
decode_mtp_async: previous MTP request not yet waited (pending=0 in_flight=1 completed=0)
prepare_next: llama_decode_mtp_async failed (-7)
decode_mtp_async: previous MTP request not yet waited (pending=0 in_flight=1 completed=0)
prepare_next: llama_decode_mtp_async failed (-7)
decode_mtp_async: previous MTP request not yet waited (pending=0 in_flight=1 completed=0)
prepare_next: llama_decode_mtp_async failed (-7)
decode_mtp_async: previous MTP request not yet waited (pending=0 in_flight=1 completed=0)
prepare_next: llama_decode_mtp_async failed (-7)
decode_mtp_async: previous MTP request not yet waited (pending=0 in_flight=1 completed=0)
prepare_next: llama_decode_mtp_async failed (-7)
decode_mtp_async: previous MTP request not yet waited (pending=0 in_flight=1 completed=0)
prepare_next: llama_decode_mtp_async failed (-7)
decode_mtp_async: previous MTP request not yet waited (pending=0 in_flight=1 completed=0)
prepare_next: llama_decode_mtp_async failed (-7)
decode_mtp_async: previous MTP request not yet waited (pending=0 in_flight=1 completed=0)
prepare_next: llama_decode_mtp_async failed (-7)
decode_mtp_async: previous MTP request not yet waited (pending=0 in_flight=1 completed=0)
prepare_next: llama_decode_mtp_async failed (-7)
decode_mtp_async: previous MTP request not yet waited (pending=0 in_flight=1 completed=0)
prepare_next: llama_decode_mtp_async failed (-7)
decode_mtp_async: previous MTP request not yet waited (pending=0 in_flight=1 completed=0)
prepare_next: llama_decode_mtp_async failed (-7)
decode_mtp_async: previous MTP request not yet waited (pending=0 in_flight=1 completed=0)
prepare_next: llama_decode_mtp_async failed (-7)
decode_mtp_async: previous MTP request not yet waited (pending=0 in_flight=1 completed=0)
prepare_next: llama_decode_mtp_async failed (-7)
decode_mtp_async: previous MTP request not yet waited (pending=0 in_flight=1 completed=0)
prepare_next: llama_decode_mtp_async failed (-7)
decode_mtp_async: previous MTP request not yet waited (pending=0 in_flight=1 completed=0)
prepare_next: llama_decode_mtp_async failed (-7)
decode_mtp_async: previous MTP request not yet waited (pending=0 in_flight=1 completed=0)
prepare_next: llama_decode_mtp_async failed (-7)
decode_mtp_async: previous MTP request not yet waited (pending=0 in_flight=1 completed=0)
prepare_next: llama_decode_mtp_async failed (-7)
decode_mtp_async: previous MTP request not yet waited (pending=0 in_flight=1 completed=0)
prepare_next: llama_decode_mtp_async failed (-7)
decode_mtp_async: previous MTP request not yet waited (pending=0 in_flight=1 completed=0)
prepare_next: llama_decode_mtp_async failed (-7)
decode_mtp_async: previous MTP request not yet waited (pending=0 in_flight=1 completed=0)
prepare_next: llama_decode_mtp_async failed (-7)
decode_mtp_async: previous MTP request not yet waited (pending=0 in_flight=1 completed=0)
prepare_next: llama_decode_mtp_async failed (-7)
decode_mtp_async: previous MTP request not yet waited (pending=0 in_flight=1 completed=0)
prepare_next: llama_decode_mtp_async failed (-7)
decode_mtp_async: previous MTP request not yet waited (pending=0 in_flight=1 completed=0)
prepare_next: llama_decode_mtp_async failed (-7)
decode_mtp_async: previous MTP request not yet waited (pending=0 in_flight=1 completed=0)
prepare_next: llama_decode_mtp_async failed (-7)
decode_mtp_async: previous MTP request not yet waited (pending=0 in_flight=1 completed=0)
prepare_next: llama_decode_mtp_async failed (-7)
decode_mtp_async: previous MTP request not yet waited (pending=0 in_flight=1 completed=0)
prepare_next: llama_decode_mtp_async failed (-7)
decode_mtp_async: previous MTP request not yet waited (pending=0 in_flight=1 completed=0)
prepare_next: llama_decode_mtp_async failed (-7)
slot print_timing: id  1 | task 472 | 
prompt eval time =    7387.51 ms /  9229 tokens (    0.80 ms per token,  1249.27 tokens per second)
       eval time =   25787.72 ms /  1011 tokens (   25.51 ms per token,    39.20 tokens per second)
      total time =   33175.23 ms / 10240 tokens
draft acceptance rate = 0.63734 (  768 accepted /  1205 generated)
statistics mtp: #calls(b,g,a) = 1 242 209, #gen drafts = 241, #acc drafts = 209, #gen tokens = 1205, #acc tokens = 768, dur(b,g,a) = 0.001, 7186.855, 0.073 ms
